Tam_1	Indha movie ku award tharlana avanga mansanay illa bro
Tam_2	kritheeck Kookaburra en unaku enachu? Cbsc ah??
Tam_3	Actually Oru particular bus incident thalaiya vettina sambavam Atha pathi sollala
Tam_4	Small suggestions: mic ah shirt la pottukunga bro
Tam_5	Karnan padathulaa oru pombaa varumlaa athuu enna pomma
Tam_6	Madhanu konjam gunda agita mathanu odamba fit ahh maintain pannu mathanu
Tam_7	thambi oru chinna correction .. odukkappattavargal thaniyaga ondru koodi vaazhavillai odhukkappatadhaal veru vazhiyillamaal odhungi vaazhgiraargal ..
Tam_8	Thala weight potuteenga
Tam_9	thambi oru chinna correction .. odukkappattavargal thaniyaga ondru koodi vaazhavillai odhukkappatadhaal veru vazhiyillamaal odhungi vaazhgiraargal ..
Tam_10	Odukapatta jathi nu soluvathu thavaru.... Oru samuthaiya makkal nu soli palaginga
Tam_11	Naan DMK  support pannala But DMK Ku than neraya vaaipu iruku
Tam_12	Bro naa 2006 la naa Pepsi company la work panna appo one day ku RS. 84 rupees than salery vaanguna bro
Tam_13	Ipola ipdi nadakurathu illanu sonninga....... Thoothukudi sambavam nadakaila enna pannitu irunthinga..... @Mg
Tam_14	Sir nanum manjolai thaan ..
Tam_15	Neenga ya 1 hr va papanga
Tam_16	Madanu ad overa varuthu pa
Tam_17	hi Annan unga videos ennnaku romba pudichiruku innum video share pannunga
Tam_18	Bro peaky blinders pathi pesu bro
Tam_19	Nalla bit adikkara content from other sites
Tam_20	MGs Hi eppadi irukka
Tam_21	Anna va New to hear sis 1st tyms Anna nu soli kekura
Tam_22	 ithana naal bro nu sonnen ,ippo Tamil la  @Varshaa
Tam_23	Real bigilu real karnan apdi nu title vachi ishtathukku kaathula eri okkuraru mg anna
Tam_24	Unmai dha sister Tamil ah sona Close to heart ah feel agumâ€¦ @Varnajalam Mini Crafts 
Tam_25	.. Namma fan pola.... Today my day
Tam_26	hi Vishaka sis epdi irukeenga @Vishaka Arts
Tam_27	 naan saaptuiruden athan paakala ipathan paarthen sis 
Tam_28	 vidu varshu.... anna nu sonna namaku nalladhu  
Tam_29	mg bro ku marriage aaita neengalum annanu dhan koopudanum
Tam_30	naa innikkum biryani dhan saaptayn
Tam_31	Hi sister, mg-ku fans erukanga-la, eilla ya-nu therila, but ninga muttum comment potha podhum, ellarum like panranga, ungaluku-nu seperate fanbase eruku sister Congrats
Tam_32	 semma dhillu unaku @Robert B Weide
Tam_33	Madhanu konjam gunda agita mathanu odamba fit ahh maintain pannu mathanu
Tam_34	Thala weight potuteenga
Tam_35	Yow madhan uh.. Nee yaru fan la
Tam_36	Nalla bit adikkara content from other sites
Tam_37	Hi anna Aama  nanun tvl than
Tam_38	Indha movie ku award tharlana avanga mansanay illa bro
Tam_39	Anna oru like
Tam_40	Devendrakula vellalar pathi oru video podunga bro
Tam_41	Dei idhu unmaiyalumae true story da adhanala dhan Mari selvaraj idha pathu inspired aiyi padama eduthurukaru... Idhu kooda theriyama dhan indha video paaka vantiya da pundamavane @Robert B Weide
Tam_42	@Keshika M avar edho pirachanai la irukaaru nu, insta story la paarthen  
Tam_43	enamo solreenga naanum, ketukirane . Edhu thaana serndha kootam  @universal hero sj
Tam_44	@Varnajalam Mini Crafts  sorry sis ennaku puriyala yaaru pirachanaila irukaga?  
Tam_45	@Keshika M  omg sorry sister tagged wrongly . Blue sattai maaran pathi oruthar ketaaru, avaruku panna reply  
Tam_46	Anna vaaaaaaaaaaa Ellam video la unga comment pathu na vera edhooo nenicha 
Tam_47	neenga sapda maatengala pinna.. aasif biryani owner aache  @aasif md
Tam_48	sister appa vaylaikaaga vayliya aanupcharu addhan hotel la saaptayn
Tam_49	enna nakkala
Tam_50	Brother 1st movie ah paathutu apram cmts sonna nalla erukkum ... antha padam caste vachi illanalum neenga atha caste movie ah mathituvinga polayee
Tam_51	tq ka,enga paiyan therinja pesa maatingalo paathan unga name maariyae neengalum sweet thaa ka @Keshika M
Tam_52	Intha kathai unmathan but Neenka thiruneveli la enka sollupa
Tam_53	Naanum TIRUNELVELI tha MAANJOLAI pakkam tha iruken
Tam_54	Nanba idhu Madurai pakathula Melavalavu pathi edutha story nu sonnaga
Tam_55	maniyachi police station la enna sambavan nadathichii  @Siva Sankar
Tam_56	you tube link parunga nalla thekiva puriyum  @Gomathi S 
Tam_57	Time iruntha ennoda channal poi parunga pudichuruntha support panunga nanba....
Tam_58	Brother idhellam unmai ah keka kooda mudila!!!! paavam ah irukunga indha mari visayam kekkum pothu than samy mela ye doubt varuthu
Tam_59	Aiiii nanuuu tirunelveliii thaaan deeee
Tam_60	Anga iruntha inor cast yaru intha problem start panina cast karavanunga yaru
Tam_61	Kandippa nanba inime Namma naatula enna nadakudhu nu theridhu kollavendum
Tam_62	Ennoda Channel kum support pannunga Makkaleâ€¦
Tam_63	Vaazhthal Avan uyirodu iruka vida matanuga
Tam_64	Unmathaan bro elarkum tv la paathu claps pana mattum than theriyum. . specially elders like our parents..
Tam_65	Vaalnthaa kolai seyyanum...mulusaa yeranganum....kudumpam kutti illa naa socialist haa irundhaa elaathaiyum seyyalaam
Tam_66	Enna pandrathu, naama indian nu solrathaiye alichuruvanga
Tam_67	Yen...Ni vaalu elaathaiyum porul eduthu podu paapom....news la varanum ni....Ajith Enn bavar karnan nejavaalvil aagivitaar appidinu
Tam_68	Indraikum Idhea pondru prachanaigal vandhutu tha iruku bro , ella police adhigarium nalla adhigari ya irundha problem ila ..jathi vanmathodu irukura adhigari la vidave kudadhu bro... Theva ilama adhigara urimaiyai payanpaduthi makkali alikavarapa,karnanai nama apa vanmuraiyai kaiyaala vera vali ila bro....admk achyil than nadandhadhu andha adhigarigalayum onume panala thoondi vitavargalaum onu panalağŸ˜ indha madhiri aachi irukuravarai jathi kodumaigalum indha police thimirum oyadhu bro
Tam_69	Apdi oruthan valthanga bro avara vachu tha intha movie ah...boom karnan avar name
Tam_70	Karnanuku yeaman support pannuna maathiri nijathula namaku yarum support pannamatanga bro 
Tam_71	Ipaum atha mari police irukanga but anthamari 1 karnan kuda irukaranu therila..
Tam_72	Intha comment pota ungalala kooda irukka mudiyathu
Tam_73	Pona varsham aaduna CSK vaada idhu nu doubt e vara alavukku irukku What a comeback 
Tam_74	Dai ithuku ethuku daa 1.1k likes
Tam_75	World level hit Ava podu karnan movie
Tam_76	Vaipilla raja
Tam_77	andha pachai sattai BBC madhiri dhaan thonudhu
Tam_78	 mathiri illa antha aunty ye dhan....getup change pannalum character change' pannama apdiyee irruku @Varnajalam Mini Crafts
Tam_79	Padam yedathathu avaru award vangurathu kaga ela bro. Next generation yosikurathu kaga. Atha serious ah pesalame. Dhanush national award vanguna ungaluku ena projanam.
Tam_80	Nee ingÃ yum vantiyaa
Tam_81	Maiyiru mathi eruku padom
Tam_82	Kandipa kopulam... Dhropathi film ku kodukalam
Tam_83	Ama bro Tamil natla Ulla varalara aluchadhe indha thiravidargal dha.... DMK
Tam_84	 dei Murali nee enga da inga naan thaan Akash uh  @Murali Dharan
Tam_85	 daiii nee epdi en Cmt patha ???  @Steve Evans RDJ
Tam_86	 kodiyankulam sambavam poludhU ADMK is the ruling party  @Siva Kumar
Tam_87	ethku yellam starting ku reason dmk dhan kalaingar
Tam_88	Ippavum intha maari vishiyam la nadakutha bro
Tam_89	veliya dha Nallavaga Mari but ellaru apdi dha ma
Tam_90	 ippa illa athukku nanga Vita mattom
Tam_91	puriyala bro detail ah solunga
Tam_92	elai idhu admk jayalaitha panathule admk karanga thaan jaathi veri pidichavanga
Tam_93	Madan Anna soldrangalla kelunga
Tam_94	DMK Ilana United States of uttar Pradesh la irthu irparu
Tam_95	Oscar a kathava thata vaiunga
Tam_96	Kooti varungal ila kaiyoda eduthu varungal
Tam_97	3 years ku munnadi nan kooda mg anna video paathutu irrunthen ippo othu thallitu irrukken you will also change
Tam_98	yes bro ippo mg konjam chevudu kaduraru
Tam_99	selfish nu ipo puriyathu bro ivangalukuu..blind ha MG ya follow panravanga ivangala
Tam_100	Yeah 3 years before he is ok informative aa etho potutu irrunthan. but ippo news paathutu vanthu video poduran and attitude vera punda mathiri irrukku gap la pee joke vera athan veri koothi aaguthu ivana paathale
Tam_101	Bro vera level movie Dhanush veriyan bro na. ..
Tam_102	Ean channal la check pani paruka anna
Tam_103	Pls like podu pa madanuuuuuu Thodarndhu five days ah marakkama odane comment panren
Tam_104	Mari Selvaraj and cast story are deadliest combo
Tam_105	Evlo sikkarama vanthalum 390 Cathy like tha podamudiyuthu
Tam_106	ANDA VARA SOLLUGGA MADAN GOWRIYA KAIODA KUTTY VARUNGGA
Tam_107	Na num uakala pathu nanum try pani erukan
Tam_108	Vera mari mg bro
Tam_109	Bobby Fischer pathi oru video MG. Please
Tam_110	Thalaiva intha video than waiting
Tam_111	Mg oru like kudupa
Tam_112	Vere level bro eppo thaan padam patey
Tam_113	Dhanush anna vera level
Tam_114	Nenachen ippudi oru topic solluvennu
Tam_115	Unga hairstyle name enna broğŸ˜­ğŸ˜­ğŸ˜­ğŸ˜­ğŸ˜­ğŸ˜­ sollunga bro ğŸ˜­ğŸ˜­ğŸ˜­
Tam_116	Bro talk about BTS plsssssssssssssssssssssss
Tam_117	Madanu enna ya review lam pandraa mass dhn poo
Tam_118	1st comment mg anna squad
Tam_119	Madan anna nalla irukinghala
Tam_120	Vara 11 padam pathachu
Tam_121	Vera marri Vera marri Vera marri
Tam_122	Romba perumaiya eruku
Tam_123	Appa eruthavaga atimaiya erunthaga eppa avagalukku atimaiya erukaga etha unma ethu à®®à®±à¯ˆà®®à¯à®•à®®à®¾à®• à®¨à®Ÿà®•à¯à®•à¯à®¤à¯
Tam_124	Jaathi ya kandu pidichava mattum kaila kedachan oda oda vettu va
Tam_125	National award conform to this movie....
Tam_126	Simple school,college Cast based education remove pannitu generaln pota podhum with low fee
Tam_127	Stop panra ore visiyam padipu
Tam_128	Yes , ğŸ’¯% correct, En ooru kodiyankulam village.Ninga enga data collect pannuninga teriyala ,ana ninga solrathu Ellam ğŸ’¯% unmai,,,Nalla valarnthu vantha engalai saathi Veri pidithavargal police oda sernthu nadithiya arajagam innum Kan munnadi iruku,konjam Kuda marakka mudiyathu,,Antha time nan 6years kid ,,ana Kuda yethum marakka mudiyathu police naayinga senja arajagam Nalla nyabagam iruku enna enna nadanthatho athu Ellam ,unmai story sonnathuku ğŸ™
Tam_129	ne sonna Ella scene um karnan la irukudu
Tam_130	Yethanai karnan vandhalum kannuku theriyadha kodiyankulamum maanjolaium irudhu kondedhan iruku manithanai manithan manithanai parkaadha varai ingu yedhum maara povathilla nanbargakl jathi parpathillai unmai anaal andha Nanban uraavaai varuvadhai andha manam yerpathillai natpu kadhal yellam mayai jathi madham piditha yaanai oorai alithe thiiroom manitha unaku kudutha vazhkai ondru aadhai arthamulladhaga vazh pirar azhivuku kaaranamaai vazhadhe
Tam_131	à®¨à¯€à®™à¯à®• à®•à®Ÿà¯ˆà®šà®¿à®¯à®¾ à®•à¯‡à®Ÿà¯à®Ÿ à®•à¯‡à®³à¯à®µà®¿à®•à¯à®•à¯ à®ªà®¤à®¿à®²à¯ à®®à¯à®¤à®²à®¿à®²à¯ à®¤à®¿à®°à¯à®®à®£ à®¤à®•à®µà®²à¯ à®®à¯ˆà®¯à®¤à¯à®¤à®¿à®²à¯ à®œà®¾à®¤à®¿ à®ªà¯†à®¯à®°à¯ˆ à®¨à¯€à®•à¯à®• à®µà¯‡à®£à¯à®Ÿà¯à®®à¯,à®ªà®³à¯à®³à®¿à®•à®³à¯ à®®à®±à¯à®±à¯à®®à¯ à®•à®²à¯à®²à¯‚à®°à®¿à®•à®³à®¿à®²à¯‚à®®à¯ à®œà®¾à®¤à®¿ à®šà®¾à®©à¯à®±à®¿à®¤à®´à¯ à®¨à¯€à®•à¯à®•à®ªà¯à®ªà®Ÿ à®µà¯‡à®£à¯à®Ÿà¯à®®à¯
Tam_132	Thirumana padhivu seiyumpothu caste name iruka kudathu.. Serithan.. Palli kalloorigalil certificate vangala na thaazhthapatta makkal epdi ipo irukra makkal nilamaiku varuvanga?
Tam_133	à®‡à®¨à¯à®¤ 2 à®šà®®à¯à®ªà®µà®™à¯à®•à®³à¯ à®®à®Ÿà¯à®Ÿà¯à®®à¯ à®…à®²à¯à®², à®‡à®©à¯à®±à¯ à®…à®©à¯ˆà®¤à¯à®¤à¯ à®šà¯†à®¯à®²à¯à®•à®³à®¿à®²à¯à®®à¯ à®µà®²à®¿à®¯à®µà®°à¯ à®à®³à®¿à®¯à®µà®°à¯ˆ à®µà®¤à¯ˆà®¤à¯à®¤à¯ à®•à¯Šà®£à¯à®Ÿà¯ à®¤à®¾à®©à¯ à®‡à®°à¯à®•à¯à®•à®¿à®±à®¾à®°à¯. à®“à®Ÿà¯à®Ÿà¯à®•à¯à®•à®¾à®•, à®µà®°à®¿ à®ªà®£à®¤à¯à®¤à®¿à®±à¯à®•à®¾à®• à®®à®Ÿà¯à®Ÿà¯à®®à¯ à®µà®¿à®Ÿà¯à®Ÿà¯ à®µà¯ˆà®¤à¯à®¤à®¿à®°à¯à®•à¯à®•à®¿à®±à®¾à®°à¯à®•à®³à¯. à®‡à®¨à¯à®¤ 2 à®šà®®à¯à®ªà®µà®™à¯à®•à®³à¯ à®¨à®¾à®³à®¿à®¤à®´à®¿à®²à¯ à®µà¯†à®³à®¿à®µà®¨à¯à®¤à¯ à®®à®±à¯ˆà®•à¯à®•à®ªà¯à®ªà®Ÿà¯à®Ÿ à®µà®¿à®šà®¯à®®à¯ à®¤à®¾à®©à¯. à®•à®£à¯à®Ÿà¯à®®à¯ à®•à®¾à®£à®¾à®¤ à®®à®©à®¿à®¤à®°à¯à®•à®³à¯ à®¤à®¾à®©à¯ à®‡à®™à¯à®•à¯ à®…à®¤à®¿à®•à®®à¯. à®‡à®³à¯ˆà®¯ à®¤à®²à¯ˆà®®à¯à®±à¯ˆà®¯à¯‹ à®šà®¿à®©à®¿à®®à®¾ à®®à®±à¯à®±à¯à®®à¯ à®®à¯€à®Ÿà®¿à®¯à®¾à®µà¯ˆ à®¨à®®à¯à®ªà®¿à®¤à®¾à®©à¯ à®‡à®°à¯à®•à¯à®•à®¿à®±à®¤à¯. à®…à®µà¯à®µà®ªà¯‹à®¤à¯ à®•à®¾à®¤à¯à®•à®³à¯ˆ à®ªà®¿à®³à®•à¯à®•à¯à®®à¯ à®‡à®šà¯ˆà®¯à¯‹à®Ÿà¯ à®’à®°à¯ à®•à¯à®¤à¯à®¤à®¾à®Ÿà¯à®Ÿà®¤à¯à®¤à¯‹à®Ÿà¯ à®¤à®¿à®°à¯ˆà®¤à¯à®±à¯ˆ à®’à®°à¯ à®µà®¿à®šà®¯à®¤à¯à®¤à¯ˆ à®•à¯Šà®£à¯à®Ÿà¯ à®šà¯†à®©à¯à®±à®¾à®²à¯ à®¤à®¾à®©à¯ à®µà®¿à®´à®¿à®¤à¯à®¤à¯ à®ªà®¾à®°à¯à®•à¯à®•à®¿à®±à®¾à®°à¯à®•à®³à¯.. à®…à®¤à¯à®µà¯à®®à¯ à®¨à®¾à®¯à®•à®©à®¿à®©à¯ à®…à®Ÿà¯à®¤à¯à®¤ à®ªà¯à®¤à®¿à®¯ à®ªà®¾à®Ÿà®²à¯ à®µà®°à¯à®®à¯ à®µà®°à¯ˆ....! à®’à®±à¯à®±à¯à®®à¯ˆ, à®¤à®©à®¿ à®®à®©à®¿à®¤ à®µà®¿à®´à®¿à®ªà¯à®ªà¯à®£à®°à¯à®µà¯ à®…à®µà®šà®¿à®¯à®®à¯.
Tam_134	27 à®µà®¯à®šà¯ à®ªà¯ˆà®¯à®©à¯‡ à®…à®´à¯à®•à¯à®±à®¾à®©à¯ à®…à®¤à®¾à®©à¯ à®•à®°à¯à®£à®©à¯
Tam_135	Na 2009 la oru naal vanguna sambalam 150 than, 12 mani neram Power loom work à®µà®¿à®šà¯ˆà®¤à¯à®¤à®±à®¿
Tam_136	Dei copy tamil pokkisam already potachi
Tam_137	à®¨à¯€à®™à¯à®• à®šà¯Šà®©à¯à®©à®¤à¯ à®‰à®£à¯à®®à¯ˆ à®¨à®¾à®©à¯ à®•à®°à¯à®£à®©à¯ à®ªà®Ÿà®®à¯ à®ªà®¾à®¤à¯à®¤à¯à®Ÿà¯à®Ÿà¯‡à®©à¯ à®¨à¯€à®™à¯à®• à®šà¯Šà®©à¯à®©à®¤ à®µà®¿à®Ÿ à®ªà®² à®®à®Ÿà®™à¯à®•à¯ à®•à®°à¯à®£à®©à¯ à®ªà®Ÿà®¤à¯à®¤à¯à®² à®•à®¾à®Ÿà¯à®Ÿà®¿ à®‡à®°à¯à®•à¯à®•à®¿à®±à®¾à®°à¯ à®®à®¾à®°à®¿ à®…à®£à¯à®£à®¾. à®à®©à¯à®©à¯ˆ à®ªà¯Šà®±à¯à®¤à¯à®¤à®µà®°à¯ˆ à®œà®¾à®¤à®¿à®¯ à®’à®´à®¿à®•à¯à®• à®®à¯à®Ÿà®¿à®¯à¯à®®à®¾ à®à®©à¯à®± à®•à¯‡à®³à¯à®µà®¿à®¯à¯à®®à¯ à®¨à®®à®¤à¯ à®šà®¾à®µà¯ à®à®ªà¯à®ªà¯‹ à®à®©à¯à®± à®•à¯‡à®³à¯à®µà®¿à®¯à¯à®®à¯ à®’à®©à¯à®±à¯. à®®à¯Šà®¤à¯à®¤à®®à®¾à®• à®®à®¤à¯à®¤à®µà®™à¯à®• à®¤à¯‡à®µà¯ˆ à®à®©à¯à®©à®µà¯†à®©à¯à®±à¯ à®ªà¯à®°à®¿à®¯à®¾à®¤à®¤à®¾à®²à¯ à®¤à®¾à®©à¯ à®¨à®¿à®±à¯ˆà®¯ à®ªà®¿à®°à®šà¯à®šà®©à¯ˆà®•à®³à¯ à®à®±à¯à®ªà®Ÿà¯à®•à®¿à®±à®¤à¯ à®•à®°à¯à®£à®©à¯ˆ à®ªà®Ÿà®®à®¾à®• à®ªà®¾à®°à¯à®ªà®¤à¯ˆ à®µà®¿à®Ÿ à®•à®°à¯à®¤à¯à®¤à®¾à®• à®ªà®¾à®°à¯à®•à¯à®• à®µà¯‡à®£à¯à®Ÿà¯à®®à¯. à®¨à®¾à®©à¯ à®à®¤à®¾à®µà®¤à¯ à®‰à®²à®°à®¿ à®‡à®°à¯à®¨à¯à®¤à®¾à®²à¯ à®®à®©à¯à®©à®¿à®•à¯à®•à®µà¯à®®à¯.ğŸ˜Š
Tam_138	For caste to be abolished, search for a life with out caste, search for a religion without castration and discrimination.
Tam_139	Nadantha intha Elaam edathulayum mukkeya prechnaiku kaarannam ma police thaan irukaanga ,makkal la paathukaakurathu thaan na avanga velaya irukku , aprom yen ipde panraanga ..
Tam_140	Still casteism , racism exists even in corporates and I have faced it too
Tam_141	Thank you
Tam_142	Madan negalum Karnan Mari than irukiga
Tam_143	MG karnan movie review podunga
Tam_144	à®‡à®¤à®©à¯ à®µà®¿à®³à¯ˆà®µà¯ à®®à¯à®¤à¯à®•à¯à®³à®¤à¯à®¤à¯‚à®°à¯ à®•à®²à®µà®°à®®à¯
Tam_145	Hi bro this santhosh from india solution
Tam_146	Solution for 0% castism is to giving good education about humanity and understanding of life
Tam_147	Indha maari vishyam naadkkama irrukka namba pasanga kitta ellarum manisanga thanu sollanum caste onnum illa nu sollanum
Tam_148	yow 3rs hike ketadhuke 3 minors ah caste pera solli rape panna country idhu.ivanunga 100rs ketalo padichu muneerinalo viduvanungala Saathi veri paithiyanga.Andha valila than Pa.Ranjith,Vetrimaaran and Maari selvaraj la kathuraanga.
Tam_149	Well, even in 2021!! When I lost my job due to corona.. and I returned back to India!! I met with someone who gave me religion as a reason for not hiring me..!! India is a great country but not all Indians are great.. I still feel some discrimination against Muslims in India!!
Tam_150	I know about mancholai gun shooting
Tam_151	paavikala ippadi caste movie ah eduthu kalavaram start panna poringa daâ€¦
Tam_152	Bro, in my childhood 2001 formers wages was 30rs only in my village....
Tam_153	Super bro nega sonnathu Nala yalarukum therichi irukum
Tam_154	Madane nan pado path unga video pakre sry..
Tam_155	Nan ketu valarndha kadhaigal ivai Manjolai issue KodiyanKulam issue keezhvenmani issue Sundaralingam transport issue I'm from Sivakasi
Tam_156	Saathi olippu Thiravidam enga pochi 1990?
Tam_157	better... you can give some ideas............ mathanâ€¦
Tam_158	Saathi Veri pudicha naikal
Tam_159	Bro weight potutinga bro
Tam_160	Brother keep maintain your weight itâ€™s suitâ€™s you well
Tam_161	Hello MG I'm from Tirunelveli Ungaluku thryatha neraiya vishyam innumum inga nadanthuttu than iruku caste...nra name..la monthly once we can hear this but athu nandantha maari veliya thryathu, Don't know why Even na padicha college..la ithala rmba kasta patten pasangala vida ponnunga than ithula theevrama irupanga pinjileh avunga parents atha ooti than valakranga ithu yeppo maarumo
Tam_162	Karnan Padam paaka kaasu illa madanuu
Tam_163	Avan Avan kastapatta vedanai sambavamaadaa..... Atai kondu Nee episode aaki kasu paakira echhakaala.sathiyamma solren Coimbatore pakkam vandhuraathe. Vandhee seruppaalaye adipen
Tam_164	Bro karnan movie vera level nega sikirama poi parruga movie vera level
Tam_165	à®®à®¤à®©à¯ à®¤à®®à¯à®ªà¯à®¨à¯ˆà®² à®‡à®°à¯à®•à¯à®•à®¿à®±à®¤à¯ à®®à¯‡à®²à®µà®³à®µà¯ à®®à¯à®°à¯à®•à¯‡à®šà®©à¯ à®…à®¤à¯ˆ à®ªà®±à¯à®±à®¿ à®’à®©à¯à®©à¯à®®à¯‡ à®ªà¯‡à®šà®² (à®®à¯‡à®²à®µà®³à®µà¯ à®ªà®Ÿà¯à®•à¯Šà®²à¯ˆà®•à®³à¯ à®à®©à¯à®ªà®¤à¯ à®®à¯‡à®²à®µà®³à®µà¯ à®Šà®°à®¾à®Ÿà¯à®šà®¿à®¤à¯ à®¤à®²à¯ˆà®µà®°à¯ à®®à¯à®°à¯à®•à¯‡à®šà®©à¯ à®®à®±à¯à®±à¯à®®à¯ à®ªà®Ÿà¯à®Ÿà®¿à®¯à®²à®¿à®©à®¤à¯à®¤à¯ˆà®šà¯ à®šà¯‡à®°à¯à®¨à¯à®¤ à®®à®•à¯à®•à®³à¯, 1997 à®†à®®à¯ à®†à®£à¯à®Ÿà¯ à®šà¯‚à®©à¯ 30 à®ªà®Ÿà¯à®•à¯Šà®²à¯ˆ à®šà¯†à®¯à¯à®¯à®ªà¯à®ªà®Ÿà¯à®Ÿà®¤à¯ˆà®•à¯ à®•à¯à®±à®¿à®•à¯à®•à®¿à®±à®¤à¯)
Tam_166	Innum nadakuthu ... coimbatore la iruku ..
Tam_167	Police ha la .thapana murail kolla pattal. Sattathuku puramba police nadandhukital.police ku thooku dhandanai kodukanu. Podhu janathirku minnal. Dhandanaigal kadumai aanal.kutrangal kuraiyum
Tam_168	nanum tirunelveli karan than anna police mari oru nasakara naainga yarum kidayathu
Tam_169	Every karnan story has caste problems.
Tam_170	Bro maanjosolai sambavamla police dha neraya labour's ahh river la thooki pootu murder pannanga history ahh olunga sollungaa
Tam_171	Na ipa clg finish panita but private clg bro na 12 la 872 mark bro my frd take 6 hundreds something but he is to join the government clg but yanaku government clg kadikala because yana neanga soluanga bro????? The main reason is cast in am vanniyar cast bro vanniyar history pathi video poduanga yapa tha nanga yaru yangala pathi thuariuam bro matha cast people iku and tq bro from this video
Tam_172	Idhuku enna solla vendi iruku?
Tam_173	Sema bro.. innaiku dhan unga meala oru miga periya mariyathai vanthirukku.. rompa crct ah pesureenga naanum tirunelveli karan dhan.
Tam_174	Police still doing this kind of activity on people donâ€™t forget.. 1. Sterlite issue, 2. Jallikattu 3. Sathan Kulam issue and much more..
Tam_175	firstu padatha poi parra fulltime paithiyakar
Tam_176	Yow madhanu yellathayum pesuriye black sheep pannune scam paththi pesuniyaa?
Tam_177	And ippa yanga v2 ponuangala mark pani fake marriage nadakuthu bro yathualam yaru pandera ne soluanga yathuala uangaliku thuarayala 1999 nadantha story solerianga 2000 to 2021 verikuam yathana fake marriage ??? Yatha pathi video poduanga and my name Bala from pondicherry
Tam_178	Ada enappa channel nadauthuringa .. IPL related video podunga.. CSK related video podungapa..
Tam_179	90 Percentage police pichakaranunga than oru road kada vidama picha edukuranunga rowdy kuda eppayachi than Iruka pattavan kitta irunthu pudunguvan but ivanunga ellar kittayum daily picha edupanunga.
Tam_180	Padamae paakama kathaya.. 
Tam_181	Ne Tamil pokkism Vicky ah copy adichu earn panadha own ah content create pannu
Tam_182	Tamil pokisham already said
Tam_183	MY solution already paduthula vanthathuthaan Future la varakudathuna School la eruthu community certificate vangarathe cancel pannanum...
Tam_184	Andha Manjoolai Riots ku karanamey Vadakkan thaan,Eppo Namma Tamizh makkal ku puriyum nu theriyala,Indha Vadanunga Population patukka yearikkitey poittu irukku,ana Namma Lahm kandukavey maitkirom,apro Hindi thaan Tamil natla pesanum nu solluvanga
Tam_185	Madan gowri venmeni sampavem patri theriyuma
Tam_186	MG bro school and collagela comunity certificate catkama avoid pananum
Tam_187	4per 4vithama pesuvanga nu kavala padama vazhidha pothum problem varathu
Tam_188	Nam nattu makkaluku namea theengu ilaipathu jaalyan valabhak padukolai vida kodumayanathu ..
Tam_189	Itha solrathukku ethuku MG MURUKESAN photova potinga ,,,, karnan movie MELAVALAVU sambavam ,,,,,,,, athapathi konjam pesalam ,,, 7 murder
Tam_190	Bro nambi narayan story vidoe podungaa bro
Tam_191	à®¤à®®à®¿à®´à¯à®¨à®¾à®Ÿà¯à®Ÿà®¿à®²à¯à®³à¯à®³ à®à®²à¯à®²à®¾ à®µà®¾à®•à¯à®•à¯à®šà¯à®šà®¾à®µà®Ÿà®¿à®•à®³à®¿à®²à¯à®®à¯à®³à¯à®³ à®µà®¾à®•à¯à®•à¯ à®‡à®¯à®¨à¯à®¤à®¿à®°à®™à¯à®•à®³à¯ˆà®¯à¯à®®à¯ à®ªà®°à®¿à®šà¯€à®²à®¿à®•à¯à®• à®µà¯‡à®£à¯à®Ÿà¯à®®à¯. à®µà®¾à®•à¯à®•à¯à®ªà¯à®ªà¯‹à®Ÿà¯à®Ÿ à®ªà®¿à®©à¯ à®µà®°à¯à®®à¯ à®šà¯€à®Ÿà¯à®Ÿà¯ˆà®¯à¯à®®à¯ à®ªà®¤à¯à®¤à®¿à®°à®ªà¯à®ªà®Ÿà¯à®¤à¯à®¤à®¿ à®ªà®¤à®¿à®µà¯ à®šà¯†à®¯à¯à®¯à®ªà¯à®ªà®Ÿà¯à®Ÿ à®µà®¾à®•à¯à®•à¯à®•à®³à¯à®Ÿà®©à¯ à®’à®ªà¯à®ªà¯€à®Ÿà¯ à®šà¯†à®¯à¯à®¯ à®µà¯‡à®£à¯à®Ÿà¯à®®à¯ à®ªà®¿à®´à¯ˆà®•à¯à®•à¯à®®à¯ à®ªà®Ÿà¯à®šà®¤à¯à®¤à®¿à®²à¯ à®¤à¯‡à®°à¯à®¤à®²à¯ à®†à®£à¯ˆà®¯à®°à¯ˆ
Tam_192	History solum bothu fulla clear ah solanum bor,en "oru particular caste makkal"nu solringa! Open ah solunga bro! Devendra kula vellalar nu! Apo dhana elarukum theriyum avanga pata kashtam!
Tam_193	Enga oorula inuyum jaathi pakkuru pu.... Irukukanga
Tam_194	Makkal manangalil matumae matram varavendum mathan
Tam_195	Enna anna unga face athey maarii terror aah irruku
Tam_196	Theriyum manchola katha matrangal vendum
Tam_197	Nannu tirunelveli karan
Tam_198	Ipoo elorum caste marathu dhn erukangaa ...suma erukura pasangala en trigger panuringaa ...ponga da deiii # tamilan ah matum erunga
Tam_199	Indhe mari padam eduthalum vetti verapu pesalaye bro,andhe community pata kashtathe makkal ku solranga avolo dha!
Tam_200	 à®…à®¤ à®¤à®¾à®©à¯ à®¨à®£à¯à®ªà®¾ à®¨à®¾à®©à¯à®®à¯ à®šà¯Šà®²à¯à®±  @akilesh raja
Tam_201	Madan Anna Neenga Thumbnail Vacheruka Pic Melavalavu Massacre 1997 Incident
Tam_202	Orey solution thaa madhane...ellaa samugatthinarum ellaa thozhillayum iidupadanum.appo tha veatrumai illaa samuthaayam vuruvaagum.
Tam_203	Bro talk about varginaha incident plz
Tam_204	Political party's ena panitu Erunthaga
Tam_205	Supera sonninga .madhan ğŸ‘ğŸ‘ğŸ‘ Adhe Madhiri pls madhan. andha venmani sambavathayum sollunga... Koncha use fulla irukum
Tam_206	Bro ipa varaikum jathi veri iruku...If u r belong sc community...u r realise Wat happen to u r subscription count bro....live exampleâ€¦
Tam_207	Yaa yaa bro 2 à®ªà®Ÿà®™à¯à®•à®³à®¿à®©à¯ à®šà®¾à®¯à®²à¯ à®®à®¿à®• à®®à®¿à®• à®‰à®±à¯à®¤à®¿à®¯à®¾à®• à®‰à®³à¯à®³à®¤à¯ à®•à®°à¯à®£à®©à®¿à®©à¯
Tam_208	Ooru rendupatta police ku kondattam not koothadi because we are koothadies
Tam_209	à®•à¯€à®´à¯à®µà¯†à®£à¯à®®à®£à®¿à®ªà¯ à®ªà®Ÿà¯à®•à¯Šà®²à¯ˆà®•à®³à¯ PATRI PESAVUM
Tam_210	Dei lusu daileee ne potruka thumbnail kum padathukum samandham ila
Tam_211	Madan anna inthe mathiri kodumaigal oleye saathi oliye vendum anaal athu avalo sulabum ellai enendral saathi oliye atharku adithalemaage ulle mathatthai alikke vendum anaal athuvum avalavu sulabum alla ennandraal madam oliye vendum endral madhathirkkum adithalemage ulle karpanai kathaappaattiremane kadavulai alikka vendum enave kadavulai mare manidhanai ninai evlathaan.
Tam_212	Apa poitu padatha parra.
Tam_213	Kodiyankulam ğŸ‘‰ jathy pathy theriyathavangaluku itha pathi purinchikirathu kashdam. Karnan is painful history. When u feld the pain u will realize the story . Manisana iruntha karnan puriyum . Manusanu solikidu mirukam shirt pants podukidu thiriyuthu ..
Tam_214	Sathankulam thavara neega yappa thati kaka poranga
Tam_215	Thumbnail la irukravangala pathi MG sonaangala?? Yaar athu
Tam_216	Endru than itha sati oliyum 
Tam_217	Thambi nee corona pathithan pesanum, apathan makkal peedhi aavanunga
Tam_218	I am from Ap Bermuda triangle pathhi vedio podungo Madan pls
Tam_219	Matrimonial vachu jathi panranga madan..athayum sollu madan
Tam_220	à®¨à¯€ à®šà¯Šà®²à¯à®µà®¤à¯ à®à®²à¯à®²à®¾à®®à¯‡ à®¨à®²à¯à®²à®¾à®¤à®¾ à®‡à®°à¯à®•à¯à®•à¯à®¤à¯ . à®†à®©à®¾ à®‡à®¤à¯ à®®à®¾à®¤à®¿à®°à®¿ à®¨à®Ÿà®•à¯à®•à®¾à®® à®‡à®°à¯à®•à¯à®•à¯à®°à®¤ à®¤à®Ÿà¯à®•à¯à®•à®©à¯à®®à¯
Tam_221	Venmani padukolai is more than this..
Tam_222	Broh 12 standard ku exam irukka illiya broh sollungo broh plzxxxxzzzzzzzzzzzzzzzzzzzZzzzzzzzzzzzz
Tam_223	Innamum inkaa cost veriyankal undu
Tam_224	Namaba kitta Vella paakuravang ambaluku adimai nu artham illa
Tam_225	Dai sekaram Peasu da muttal
Tam_226	Friends oda caste enaku theriyadhu nu solradhu peruma ila en friend caste therinjum nanga friends dhan solanum adhan solution
Tam_227	Karnan inspired by many villages and forest our leader captain prabhakaran tamil eelam
Tam_228	caste nu soluravaga la atha place la shoot panano bro nanairutha savuadichiduva
Tam_229	Karnan movie intha story based than
Tam_230	Bro 2010 le enaki one day 80rs tha
Tam_231	à®•à®°à¯à®£à®©à¯ à®ªà®Ÿà®®à¯ à®…à®²à¯à®² à®ªà®Ÿà¯ˆà®ªà¯à®ªà¯â€¦
Tam_232	Ippo theriyutha yen north tamilnadu south tamilnada vida welfare ah irukunu ....Ellarume onna irukurathu nala then elarukum yethu important nu therinju padikuranga......
Tam_233	Jathi ah paththi yedhuku da movie yedukuriga
Tam_234	Ada paithyame jadhi venam nu padam edutha jadhi padama? Padichurkaya elaya neela ? Padiparivu elatha naii da nee! Athan epdi erka oru differentiate koda panatheryatha?
Tam_235	Ivan vera summa Iruka mata pola oru topic kedachira koodathu odane ola ola book pa nitu vanthurva
Tam_236	Enna madhanu wait poturucha
Tam_237	Pro Na movie full la padudan Ne ga padegala poi solu thada pro
Tam_238	Schools la fill pandra forms la caste nu oru kealviya yedutha nalla irukum next generation caste nu onnu irukurathu theriyama valaratum
Tam_239	Police aa vachi tan nalla aadranga..
Tam_240	Ethu release aidichi nu niga sollitha enaku ippo therium 
Tam_241	Mg bro daily unga video ketutu tha thunguva but ipo yella ads skip pandrathuku yenthiruche thookam poiduthu
Tam_242	1999 la soldringa....innaikum enga oorla agri labour ku 120 +two time tea atha salary....
Tam_243	Inga poi irunthu pathutu atha pathi pesunga
Tam_244	Our MG squad is reaching 5million 
Tam_245	Bro vaai la ennamo vechutu pesra mariye irku bro
Tam_246	Ama bro exactly idhala movie la vanthuruku ğŸ‘ idha base pani tha movie iruku ğŸ”¥
Tam_247	Ivan vera sathaaaa edukuranda
Tam_248	Enna pa madhanee padoo pakaleenu poi solrehh
Tam_249	Ivolo thapu panuna police ku la punishment kidaikavae ilaya
Tam_250	Saththan kulam pirachanaiku eanna pannuninga thambi
Tam_251	Thala first na movie pakuren adukulla ni idu podadhağŸ¤£
Tam_252	Bro ,comparing photo lam enga bro edikuringa .drishyam2,aparum karnan and many I have seen in thumbnail,aparum naan thumbnail mattum pathutu command panringa neenaikalaam and subscriber and mg's family
Tam_253	Semma veri bro...ana Namma makkal konja naalaiku tha..thirumba yarachum cycle la yo... illa yarachu yaar phon a pudungunaalo atha pathi pesa aramichuruvanga..itha folow panna Seri....
Tam_254	Anna mel valau sampavam solli irukalam same crime ğŸ”¥ğŸ™
Tam_255	Adhuku en daa eyes a round panniruka en nose a round panni vaida lusu payya.....
Tam_256	Enna madhanu muunjila thoppa poduduthu
Tam_257	Community Certificate issue panama irudhalea podum anna
Tam_258	Innaikum police a nambha koodadhu
Tam_259	Manjolai enga area pakam than ethu lam engaluku therijathu
Tam_260	Madan plz speak about vaasaathi case....
Tam_261	Nanunum yennum Karnan padam pakkala but un vedio atha 2years kulantha death aluthutanyaâ€¦
Tam_262	Bro real karnanunu thumbnail a vachirunthinga atha patthi sollva illa
Tam_263	Sollution .....caste nu kekkalanaale Pothu...
Tam_264	Bro as you said..Apokoda padichvanga kammi..but ipo recenta sterlite issuelaye pathrukom..kaasu irukravanku matumdhn indha society..kaasu illadhavnga unmayana vishayathku poradave kodadhundradhu ipo varaikum nadandhtudhn iruku..100 periyar vandhalum thirutha mudiadhu ivanungla
Tam_265	Madhan Gowri sir à®†à®°à¯à®¤à¯à®°à®¾ à®¤à®°à®¿à®šà®©à®®à¯ in Chidhambaram pathi detail video podunga
Tam_266	Keta diravidathal vilnthom nu soluvainga yendha thiravida katchi odukapata makaluku yedira yenna pannanga nu theriyala ithu pola u.p la 1000sambavam nadakum athu theriyathu intha muta payalaugaluku
Tam_267	Enaku puriyave ila karnan movie avlo nala irunthucha ila enaku than olunga puriyalaiya padam....ğŸ™„ungaluku lam nala irunthucha padam
Tam_268	Padam pathuku oru video podunga bro
Tam_269	En amma ooru thaa athu Yes maraka mudiyatha sambavam nu Amma soli erukanga
Tam_270	Photo la irukura antha nabar yaar endru sollave illaye
Tam_271	Ada yaru paththalam adikadi thamline mathikita irukega
Tam_272	Adaei mathan my father 2000 thla 50 thada salary vangunanga
Tam_273	Karnan vera level padam ,dhanush anna fans hit like
Tam_274	Ethuku solutions Ella anna enna pannalum cost pirachanai madum not yet
Tam_275	Manusana manusana mathika aarambichale jathium irukathu mathamum irukathu â€¦
Tam_276	Sssssss..... innumae intha jaathi avamana padutha paduranga... nangalum paduchi nalla nilamailatha irukkom....... yellam maarum oru nilamaium varum
Tam_277	Ayyappa Swamy inithan unnaku theridha appo Needhan common person.. konjam therinjutu pesu
Tam_278	Yarlam karnan movie pathutinga
Tam_279	Namma thalavan irukkum pothu jathi vachsu problem nadanthatha nan kelvi padalai Tamil Nadu la ORU nalla thalaivan irunthal ippadi Ellam nadanthu irukkathu namma birth certificate la jathi enru vara idaththila. Ilangai tamilan enru than irukkum
Tam_280	nenga sonathu eallam moviela eruku super.....
Tam_281	Thanks anna intha video pannathukku
Tam_282	Konjam 12th students pathi pesuga bro
Tam_283	Bro ninga mimicry pannuvingla
Tam_284	Intha mathiri topic Mattum thooki vachi pesuringa.... politician mathiri ... theatre poi pathuruntha theriyum.....
Tam_285	Comments pakka vadhavanga like pannunga.
Tam_286	Bro nenga sonna story dito of karnan it is not inspired it is real story
Tam_287	MG Mandela movie paruga athuvum ithu maari caste problem taan but fun aaa irrukum
Tam_288	 Shagar Na movie nala irruku taan sona bro tension aagathiga  @Balaji
Tam_289	madan Anna wikipedia la dhan pathu video poduvaru romba depth ha poivitu search panamatraru and thanks for replying me  @Kalaiyarasi P 
Tam_290	à®‡à®¨à¯à®¤ à®‡à®°à®£à¯à®Ÿà¯ à®ªà¯‹à®°à®¾à®Ÿà¯à®Ÿà®™à¯à®•à®³à¯à®•à¯à®•à¯à®®à¯ à®®à¯à®©à¯à®©à¯‹à®Ÿà®¿à®¯à®¾à®• à®‡à®°à¯à®¨à¯à®¤à®µà®°à¯ à®ªà¯à®¤à®¿à®¯ à®¤à®®à®¿à®´à®•à®®à¯ à®•à®Ÿà¯à®šà®¿ à®¤à®²à¯ˆà®µà®°à¯ à®Ÿà®¾à®•à¯à®Ÿà®°à¯ à®•à®¿à®°à¯à®·à¯à®£à®šà®¾à®®à®¿.
Tam_291	Enga school kudha epdi iruthu iru bro
Tam_292	Brow Murugeshan nu oruther dea story thn base ha vachi movie eduthaangal nu soluraanga So avarda history slunga brow
Tam_293	Bodi meenatchipuram kalavaram you search mgs
Tam_294	itha nirutha orey vali proper education thaan
Tam_295	bro neengala namma natla nadakra niraya aneethigala kandukama poringa
Tam_296	Kandaa vara sollunga MG's Kai Yoda kooti vaarungaa
Tam_297	1 video va pakurathu ku 4 ad podurainga pa enna pa mg
Tam_298	Kodiyankulam story thaan Karnan
Tam_299	Bro movie review oru video podunga bro
Tam_300	enna madhan mokka podutha
Tam_301	Ore Kalathil Thalaivan CM ah vanta makal mele kaiye vecha thale irukathey nadanta than ithelam niruthevagge
Tam_302	Namma vikki bro one month munnadiye pesittaru
Tam_303	Madhan bro please talk about "Vachathi" sambhavam ( Dharmapuri ).
Tam_304	MG Niga solra anaithum nadanthukonduthan erukirathu.ethu yellam veliya varama erugatha padatha yerakavidama case fille pannaga etha unma
Tam_305	Police la irukura sila sathi veriyarhal ,maramal ithu marathu.....
Tam_306	bro nenga hello everyone soladuku munadi 2 tatu tatitu dana solrenga
Tam_307	Nama avangala Mela ethi vidalanalum paravala..vazhavey mudiyadha madri panama iruntha pothum..
Tam_308	Brother Indha incidents ellam therinjika vendiya vishayam alla marakka vendiya vishayam adha pathi pesi pesu porul aaka vendam it's my kind request bro
Tam_309	Caste certificate government thara kudadhu..no caste...now people change agalanalum then vara people change avangaâ€¦
Tam_310	Ennota channel ah paarunga istam iruntha subscribe pannunga frndsğŸ’š
Tam_311	pariyerum perumal kooda dha real life incident film adha pathi nee pesu
Tam_312	Vijay pathi vedio podupa.... Cycle ride pathi
Tam_313	Unnala intha movie parhi reviews and comments soldra ... aen so many good films are thr .. why you didnâ€™t choose .. you had choosen for asuran, karanan, pariyarym Perumal
Tam_314	Ipdi oru koduram nadanthurukkunu sollitu irukkaru MG.. ana keela askar award ah pathi pesitu irukanuka.. Kevalamana manapoku irukka koodiya manitha samookam..thooo..
Tam_315	Na kuda madan movie review tha start pannitaro nu nenaichen ğŸ˜‰
Tam_316	ungaluku likes and comments varanum enpathragaga ... neengal caste samantha patta flim review tharaninga
Tam_317	Cast parukkaranvanuka kill panna kuda cast problem mudiyathu
Tam_318	Dai kunda ... nee eppadi da caste film movie parthu review pandringa sir ..
Tam_319	Ennota kozhanthygala jaathi solli valakkala bro athuve mathum
Tam_320	Namakku therinchu 13 pera suttukonnaganga
Tam_321	Ipdi pesite irundha onnum pana mudiyadhu poi padi da
Tam_322	Podiyan kulam not kodiyan kulam
Tam_323	à®ªà®Ÿà¯à®Ÿà®¿à®¯à®²à¯ à®‡à®©à®®à¯ à®à®©à¯à®± à®ªà¯†à®¯à®°à®¿à®²à¯ à®…à®µà®°à¯à®•à®³à¯ à®šà¯†à®¯à¯à®¯à¯à®®à¯ à®¤à®µà®±à¯à®•à®³à¯ à®ªà®±à¯à®±à®¿ à®à®©à¯ à®ªà¯‡à®š à®®à®±à¯à®•à¯à®•à¯€à®°à¯à®•à®³à¯
Tam_324	Ippa nadantha sterlite sambavam sollala.
Tam_325	Unake ipo tha theriyum 
Tam_326	Unnau threiyathu yena neega pathika padala
Tam_327	Bro vara vara ads athigama aagiduchi bro
Tam_328	Dei solla poren Solla poren nu paathi video va otura.... Matter ennavo atha mattum neat ah sollunga
Tam_329	Bro Neenga Inshot la thane edit pannringa
Tam_330	Indha movie paatha mgsâ¤ï¸like pannunga
Tam_331	Bore adikithu bro, vara vara bore adikura video va podringa
Tam_332	bro video quality kammiya irukku at least 1080p ku podunga
Tam_333	Padipu thaan bro ellathayum samam aakum
Tam_334	En NTK pathiya karuthu kanippa neekuniga.... Payanthutingala mathan ji
Tam_335	indha maari kammiya nadandhuchu, north india la daily nadakudhu, even in kerala many incidents happened, dmk and admk irundhadhunala we have less number of such cruel incidents
Tam_336	Saathi veriyargala suttu thallanum ....... Intha maathiri aatkal naala thaan pilavu varuthu tamilargalukullaye
Tam_337	Super bro Annda puru romba pavam
Tam_338	Bro Nambi Narayanan avaroda story sollungaâ€¦
Tam_339	à®ªà®Ÿà®®à¯ à®ªà®¾à®°à¯à®¤à¯à®¤à¯ à®µà®¿à®Ÿà¯à®Ÿà¯ à®‡à®©à¯à®©à¯Šà®°à¯ à®µà¯€à®Ÿà®¿à®¯à¯‹ à®ªà¯‹à®Ÿà¯à®™à¯à®•à®³à¯ MG
Tam_340	Ithu unmai than enga oorula than ithu nadanthathu police arajakam
Tam_341	1st sadhi raathu seiyanum broo school timela la eruthe..... ğŸ˜”
Tam_342	Enakku comment Panna varthaye illa.neenga Vera level.
Tam_343	Bro jadhi eii irukka kudadhuna..ğŸ¤«orula irukka perusugalala pottağŸ¤ªseriya pokumğŸ˜...ğŸ¤£ğŸ¤£ğŸ¤£
Tam_344	mg intha mari innu veliya theriyama antha makkalku neraya adakkumuraigal thunpuruthalgal nadanthuruku avanga kodukkura sound intha governmentku yennaiku ketkathu
Tam_345	Nan innum enathu school la intha sathii kotumaikalai anupavikirean ariyalur jayamkondam
Tam_346	Idhu oru paithyam....poi Wikipedia paarunga romba clear ah irukkum
Tam_347	Yendha idea um illa evlo sonnalum idhu pola padangal vandhalum Avanunga oodura kadasi blood varaikkum avanunga jaadhi ya vida maatanga
Tam_348	Community certificate yarum kekama irunthaley pothum yen Na soldrena yenaku 6 padikuravaraikumey yenna cast nu theriyathu appodhan school la cast varisaila nikka sonnanga appo dhan na vituku vanthu yen appa kita kettu therinchikiten so first school la irunthey ithai azhikanum
Tam_349	American racisam,suez canal, Ethu ella thiyam nee thane mapu content ha vlog Panna
Tam_350	Bro nandri bro ungala naa ietha tharengikita
Tam_351	Bro padathula dhanush oda oore name kodiyankulam dha bro
Tam_352	apdina Dharmapuri community murder case (illavarasan) base panni oru film varuma....?
Tam_353	Entha movie ha like pannuravanga like podunga
Tam_354	à®µà¯†à®Ÿà¯à®Ÿà®¿à®¯à®¤à®¿à®²à¯ à®µà®Ÿà¯ à®‡à®©à¯à®©à¯à®®à¯ à®®à®±à¯ˆà®¯à®µà®¿à®²à¯à®²à¯ˆ
Tam_355	Bro nee NALa sapadu sleep haaa...ila nee gym poriya madan
Tam_356	Neenga oru vishayatha pathi pesuringa na athu oru peria sambavam athan irukkum...thanks bro
Tam_357	ippo oru comment vandhirukanume.. dhanush fans hit a like nu.. enna...... aalaye kanom
Tam_358	Kandaa vara sollunga song aa vida ippo athoda memes thaan hit la iruku..
Tam_359	Caste irukkurathu nalathana evalo problem atha ella akitta (school certificate)
Tam_360	Ippa kooda twin kolai nadandhuchu bro...adha pathi podunga
Tam_361	Katchigalin pin selvathai niruthum varai.. jaathi kodumaigal ellaiyai vitu agalathu
Tam_362	Anna indha jathi jathinu suthura kutata first ozhikanum adha ozhikanumna oru nalla atchi venum na chinna paiyan tha iruthalum nanum oru india kudimagan thae # MG squad # save india from beasts
Tam_363	Na karnan paka vendamunu nenachan but itha kekum bothu pakanum pola irukuğŸ˜±â˜ºï¸
Tam_364	Trainla vandhukittu pathan bro... Tower sariya kedaikkala irundhalum fulla pathuttan.. Super bro....
Tam_365	Bro Arakkonam low cast murder video podunga
Tam_366	à®à®™à¯à®•à®³à¯ à®Šà®°à¯ à®•à¯Šà®Ÿà®¿à®¯à®™à¯à®•à¯à®³à®®à¯
Tam_367	Mr MG Krishnagiri Mavattam Barugur La irukka Vailaankanni Schoola 11th Pasangaluku School Nadatharanga Engala Kapathunga PleaseğŸ˜­ğŸ˜­ğŸ˜­ Corona Thivirama Paravudhu Ple..ğŸ˜­ğŸ˜­
Tam_368	Yenna mathanuuu gunda ahitaâ€¦
Tam_369	 mmm tq nanba nega sonatha na follow panren...romba thanks namba nega reply panathu iku  @Ragesh Bhagavath
Tam_370	Karnan padathirku Oscar virudhu thagudhi illa, Adhukkum mela
Tam_371	Ithai enggalukku theriyapaduthuna madanukku nandri
Tam_372	dai Corona pati pasu na movie pasura nee la onu you tuber ra
Tam_373	Na tirunelveli tha Eppoum enga sathi santa tha athigama varum ğŸ˜” 2021
Tam_374	Ithai discuss seithatharkku nandri.. Mainstreamil ithupontra discussions create pandrathukkakathan Ranjith & mariselvaraj art vadivil poradikondirukkirarkal.. thanku MG......
Tam_375	Police innum change aagala appdiye than irukkanga Sterlite shoot and sathankulam appa ,magan dead
Tam_376	Nan bro sc nu pakkala enna thevernu pakkannka
Tam_377	Bro, 2000 year's la enga Appa daily salary just Rs. 50 than bro.... I am Vanniyakula Saththiriyan in Dharmapuri....
Tam_378	Anna nabi Narayanan pathi oru video pannunga plz
Tam_379	Bro sathankulam and Sushant Singh cash ena achu
Tam_380	epadii anthanaa peruu ipadii oruu adimayaa iruthanga elarum ona senthhu anthaaa police adichii irunthaa avangalam engaa poi irupangaa..... first of all cast engaa iruntha vanchi..... all are humans not some thing
Tam_381	Bro blue sattai maaran anna va pati solunga
Tam_382	Yar yar rasigar mantram show pathinga like pannunga
Tam_383	Innum enga caste aah apdi dhn nadathuranga Enna veliya theriyala area fastival la ippaum kuda police para patcham pakka dhn seiranga enna panna
Tam_384	Bro already ongalaum DMK va um Sethu vachu pesranga ipo indha topic vachu yenna panna porangalo
Tam_385	Anna kammi agurathuku vaipu illana becz nama irukura surrounding appadi enga ponalum caste (ninga enna caste) appadingura question than munnadi nikuthu violence irukathan seiyuma oru silar padichum muttalathan irukanga
Tam_386	Good bro....sema namaku theriyatha visiyatha therinjukittenâ€¦
Tam_387	Stenography pathi eppo solluvinga
Tam_388	Sathi kodumai kami akala athu mariruku avlothan different brother... Purium ninaikran
Tam_389	Ithnala than sir poice kandala pedikathu oc laya udumba valakiravan
Tam_390	Bro konjam short ha sollunga neenga à®à®Ÿà¯à®¤à¯à®¤à¯à®•à¯à®•à®¾à®Ÿà¯à®Ÿà¯ à®šà¯Šà®³à¯à®³à¯à®°à®£à¯à®£à¯ à®šà¯Šà®²à¯à®²à¯à®± à®à®²à¯à®²à®¾ à®µà®¾à®°à¯à®¤à¯à®¤à¯ˆà®•à¯à®•à¯ à®à®Ÿà¯à®¤à¯à®¤à¯à®•à¯à®•à®¾à®Ÿà¯à®Ÿà¯ à®šà¯Šà®²à¯à®²à¯à®±à¯€à®™à¯à®•
Tam_391	Edhu la yean social book la Vara matikeadhu ,thamarai mattum malaradhu 
Tam_392	athuva matha à®•à¯à®¨à¯à®¤à®¿ yoda sun name than à®•à®°à¯à®£à®©à¯
Tam_393	Ipovey nadandhutu thaanya irundhuchi ğŸ˜’ğŸ˜’ğŸ˜’jallikattu and sterlite ellathulaium thadi adithaan
Tam_394	à®¤à®¿à®°à¯à®ªà¯à®ªà®¿ à®…à®Ÿà®¿à®•à¯à®•à®£à¯à®®à¯ à®…à®¤à¯ à®’à®£à¯à®£à¯à®¤à®¾à®©à¯ à®µà®´à®¿
Tam_395	à®¤à¯‚à®¤à¯à®¤à¯à®•à¯à®•à¯à®Ÿà®¿ à®šà®®à¯à®ªà®µà®®à¯ à®®à®±à®¨à¯à®¤à¯à®Ÿà¯à®Ÿà®¿à®™à¯à®•à®³à®¾.....
Tam_396	Opportunity also big reason all seeing Tallent person another person are no talent da...that biggest reason govt take good action
Tam_397	Fake news.... U r interest other (red) girl's ....ouun relations girl pennuku valkai thara mudiyala...ne'er yennada..jathiyapatti Pesura Uun jathi pennukku muthala..valkai kududa...schools college LA..jathi certificate...kekkamattanga
Tam_398	This video best video bro
Tam_399	Illa bro inamum police apdithaan irukaanuga
Tam_400	Machi saptiya
Tam_401	thala unga kelvi lam enga kitta thinikathinga cha thalavalikuthuâ€¦
Tam_402	Adhu endha jadhi nu Sona nanga therinjikalam la particular jadhi ah illa Ella jadhi Yuma nu
Tam_403	Ippadi solli solli jathi kalavaratha yerpaduthnkada
Tam_404	Bold speech bro maariselvaraj ethukaga indha padam eduthar nu detailed a sonnathukku nandri.
Tam_405	Application form la caste column irukra varaikum problem dhaan
Tam_406	First for joining schools and colleges ku community certificate should be avoided.
Tam_407	Bro venmani sambavam poduga
Tam_408	katuveti guru movi coming soon
Tam_409	Bro iam from Kerala some months before i visit tamilnadu for a function in the function some caste peoples will avoided from food eating time i will upset in the but in kerala caste is not a problem
Tam_410	Iam from Kerala in comments box ull tamil i don't under stand
Tam_411	Marakanam kalavaram
Tam_412	Yanda venna innoru sathi karana konnaathu unakku theriyela venna konna police varatha seiyum nee oru mitha karuthai pesurada venna
Tam_413	Ivanka kitta Panama Panam iruntha yethuku bus yerukareenga bus vangi nanga poikuvuvume Madan gowri methuva pesu ni sollurthu yethume unmiye illa Nadantha visiyem yethum theriyama pesatha nanga Valparaila work pannunaven yenga makkal kasta pattanga ni sollara mathri illa don't create over expectations pls stop this kind of things
Tam_414	Padam pakkala but u said every thought is true how u know about this chapter that time u there then how u said this words and then how u take this chapter ,I am ask only one question u journalists or ?
Tam_415	Thambi nee ipothan unaku theriyum ana tamil pokisham epovae intha video pathi potutanga.. famous ana than poduvingalo
Tam_416	Indha Castekku dha salugai indha Castekku dha velai apdinnu illama ellarkkum onna seiyanum
Tam_417	Caste ngra word eh thookitomna antha problem eeh irukathu !
Tam_418	Sangi mathan enna nalla varumanama
Tam_419	Anna yegalaivan interview parunga adhula oru communitykum innoru communitykum problem illa anna police dhan indha full problemkum karanum nu avar sonnaru. Avar oru pathirikaiyalar. Avar andha place la interview pannirukar.
Tam_420	Mudiyum oru Vali irukku schedule caste la irukkura Ella caste um pattiyal veliyetram kekanum
Tam_421	Police violence kuranjirukku sathathan kulam police pola silar annaiku antha manjalkulathulayum irunthurupanaGA pola..
Tam_422	Karnangal neraya uruvaahavendum!
Tam_423	Nee sonnadhula crt uhh but real karnan nu template potutu avara pathi oru edathula kuda sollalaiyae
Tam_424	à®’à®™à¯à®•à®¾à®²à®¾ à®’à®°à¯ à®¨à®²à¯à®²à®¾ à®ªà®•à¯à®•à®¾à®©à¯‚à®®à¯ à®¨à®©à¯à®ªà®¾
Tam_425	Neega twiter la edutha Election karuthu kanipa yen realase pannala?
Tam_426	Kadiya solitangala anna
Tam_427	Inum enga oorlaym iruku intha mari lam oru thaltha pata piyan oorukula nalla bike la vanthathuku motha ooru periyavunga antha piyan warn pananga am just unbelievable inumada rmba kastama iruku humans la tha ivlo kevalama nadakuthu
Tam_428	Bro kodiyankulam incident la police unmaiyavae kolla pattara padathula apdi oru scene irukku pls konjam clarify pannungalae
Tam_429	MG squad like here
Tam_430	Sila boolis naaikala vettina ellam sariya varum
Tam_431	DEVENTHIRA KULA VELLALAR....... Hit like here ğŸ”¥ğŸ”¥ğŸ‡§ğŸ‡«ğŸ‡§ğŸ‡«
Tam_432	Kodiyankulam problem ku SASIKALA thaan kaaranam and Manjolai problem ku kalaignar thaaan kaaranam
Tam_433	Please MADHAN I love you. Talk about kalingapatti
Tam_434	Thavarru madhan gowri, porata panre re perla women pc breast kasakinanuga poruki ga, B coz police lathy charge panni aga, theri ja pesu
Tam_435	Madan weight potutiya health mukkiyam madan. Keep rock madaney
Tam_436	Ayya kalingapatti sambavam pesuveengaka
Tam_437	Ok mg azhakar thiruvilaku enna Panna porinka
Tam_438	Inum oru generation matum cross aachuna aduthu athuvaa seri airum broo 
Tam_439	Antha certificate kizhikura scene padathula irruku anna
Tam_440	Neraya Peru Chiina channel LA poitu hate cmnt poduvinga but yellarum yeppo upload pannirukanga nu pathutu cmnt pannunga
Tam_441	Tuticorin dist -sankaralingapuram incident also
Tam_442	Bro antha valiya movie pathappa na feel panna....
Tam_443	200% real anna nenga solrathuu..... My frnd sonna ellathaiyum nenga apdiaye sollringaâ€¦ Super ur reviw broo.... Luv â¤ğŸ˜˜uuu
Tam_444	Bro athu kodiangulam illa podiangulam bro
Tam_445	Thumbnail paraithabangal..pic konjam detail panirukalam!
Tam_446	Neenga tha pubg madhan ha??
Tam_447	Nellai maavatam police karargal epothume irakamatravarkalga irukanga
Tam_448	Content kaga ithupola pannathinga
Tam_449	Atharmam azhiyanum
Tam_450	Intha padathula directors think la nalla tha irukku aana ivaru caste pathi edukkama vera journarla edutha nalla irukkumğŸ’¯
Tam_451	Padam la nalla tha irukku director avaru caste adimattama avare irakki kattirukkaru
Tam_452	Ore vazhi kalapu thirumanam
Tam_453	Yeanku kodiankulam thaan neenga sonnathu unmai thaan
Tam_454	Antha kannu rajiniyoda kannu nu already art director sollitaru broâ€¦
Tam_455	Na pa vela illa pola. Dhidirnu 4000 subscribers unsubscribe panna Enna aava 
Tam_456	This story review is done by tamilpokkisam one month before bro
Tam_457	Jathi and police worst ellamey maranum mathanum
Tam_458	Anna oogha face little chubby aaagiduchu
Tam_459	Stuartpuram theives pathi documentary podunga
Tam_460	Alugaya varuthu pls Inime ipdi nadakakoodathu ğŸ˜­
Tam_461	Anne nalla cubby agitaga Anne
Tam_462	2reason ....dmk dhan reason...main kalaingar period dhan pannthağŸ˜­ğŸ˜­
Tam_463	Unga videos ala nice .... Actually unga channel la ad kudukanum sir ... Ungala apdi contact pandradhu
Tam_464	Bro I can't understand Karnan story nu sollitu oru Kathaya sollra
Tam_465	Nigal unmayana manitharaga erupir anal sathiyai marapom. Saga manithanai manithanaga mathipom
Tam_466	EVeRa mannu.... Mayiru mattai nu vaayee kilizya pesuraanungha.....
Tam_467	Movie parthuttu reviews pannuga bro.. ethoda inspired nu.. ennala guess panna mudiyala
Tam_468	ethu madhurai Melavalaivvu enkira kiramathu kathai
Tam_469	Enka ooruku pakathu oorula ithumari nadakuthu athu marimandrathu enoda kanava iruku
Tam_470	Yaru yara othukanum evan appan vetu da intha ulagamâ€¦
Tam_471	Manasu irukkanum bro namma athu illa nu
Tam_472	Scholarship illama irukkalam and kottawise seat atha cancel panitale caste alinthu vidum
Tam_473	Ippovum police appadi than irukkanga pro.....cash kudutha than ...case hea vanguranga ..
Tam_474	Modhala veetla vela seiravngalaku mariyadhai kudunga....slave mari pakathenga....adhu nee panra mudhal kadamai.....
Tam_475	Intha video la neenga pesaratha headset potu kekumpodhu professional RJ pesara mariye iruku.... Valthukkal bro....
Tam_476	Evlo low caste enum kasta paduranga ğŸ˜’ thn y mari selvaraj also based on one community ğŸ™„
Tam_477	Avlo problem um pathutu porom na caste irukura varikum onum kelika mudiyathu ğŸ‘
Tam_478	Kaalam Maritu... Ippovum yelam caste pakkuranganu nenaikum pothu than kastama iruku.. 
Tam_479	Ini varum samudhayam jjadhi iladha samudhayamai irukatum...varungalam namadhu ennathilâ€¦
Tam_480	Dei film pakama ivlo detailed ah pesa mudiyathu romba nadikatha ithuku ne video podamaley irukalam
Tam_481	Paa unakku teriyala nu sollu pa..... Namakku teriyala nu sollatha..... Ne city la poranthuruppa athan terla...
Tam_482	Bro neenga pesum bothu noise varudhu unga mukla irundhu Continue
Tam_483	Tambi.. koncho blue settai review paru.. nee patena avane seruppale adikonopole erokumbuâ€¦
Tam_484	Ellam seri real karnan nu thumbnail la oruthara potutu adhapathi sollamale kadhaya kadhaya pesitu irundha enna artham ğŸ˜ğŸ˜ğŸ˜???
Tam_485	2017 la ethe pola oru sambavam oru village ku nadanthirukku. Nenga virupapatta atha atharathoda solla na ready.
Tam_486	e ellam ipadam vantha thane solra first ah eduthu solirkanum nee periya history review ini solikatha
Tam_487	Bro sathi pakkuravan thevidiya makanu solluren neenga enna solluringa
Tam_488	Padam nice Anna nee solla veanam aththu current generation da ipo naga apudi paththi palagala
Tam_489	Anna indha video la open pandradhuku munadi. Dhanush photo vum adhuku pakathla inoruthar photo vum potrukinga. Adhu yaru ena nu neenga solave illa
Tam_490	Super brother bold ah eintha vishayatha yeangaluku sollrathuku thank u brother
Tam_491	Poi sollathinga madan gowri manathai thottu sollungal ethu unmaiya
Tam_492	Thala padam pakkuratha vda nee solrathu semma ya irukku ya. ne en ya intha padatha direct senchurukka koodathuğŸ™„???
Tam_493	Atha vachu padame eduthalum padam odura varaikuthan pesuvanga
Tam_494	Poiyaaa solitu irukan evanuku oru seetu yaduthu potuga iyaâ€¦
Tam_495	Bro padam paathutu kandipa ungaloda opinion ahh review ahh poduga dudeâ€¦
Tam_496	Na poratha village LA enum dhalit caste othuki Tha vakikuraga 19's mattum Ila 
Tam_497	Ennaiku police job oru gethu nu police ninaikama irukomo athuvaraikum nadakum same issues
Tam_498	Nega solra thu corect tha yallaum etha news katu varutham tha pada mudium vara yanna panna mudium nambalala
Tam_499	Ellarukum raththam sivappu than ..nilal karupu than..ellarume manusan than nu purinjukitale pothumğŸ™âœŒï¸
Tam_500	Bro neenka onna maranthuttinka Thoothukudi Sterlite poradathula police konjampera konnankala ??????
Tam_501	Anna neega yen ithu pathi government kitta solli kekakudatha naaga yellum normal people naanga sonna keka mattaha but neega oru famous person kadipa ungaluku response pannuga plz do it anna
Tam_502	Adhi sir hash tag potu trend pannuvom government officials paakura vara trend pannuvom
Tam_503	Last year pannadhadha ellam mothama serthu vechu indha year CSK vechi senjittu iruku...all the bestâ¤ï¸â¤ï¸â¤ï¸chinna thala vandha neramo ennamo match nalla semmaya podhu
Tam_504	IPL pakrathuku 100 channel irunthalum atha troll panrathula yepavum best Namma  Today Trending thağŸ”¥ğŸ”¥
Tam_505	Apram ennapa indha vaati csk ku than cup nu arivicharlama
Tam_506	Manish: jadeja mid-wicket la nikkaran. Namma straight a adipom...Faf took the catch ğŸ˜‚ğŸ˜‚
Tam_507	Please lockdown podunga.athuthan koronavai kattupadutha ore Vali.
Tam_508	Eppo madhan varuvarunu daily behind woods pathavaka like podunga
Tam_509	Ivaru backstory emotional ah irunchu & well deserved to grab d award. But aaduna dance mattum enala ethukvey mudyadhu ra ğŸ˜‚ğŸ˜‚ siripu kaatitaaru!!
Tam_510	Ragul anna patta kastathoda vali, award announce panna udane avar face la therinjuthu. Enna oru  inspiration anna â¤â¤
Tam_511	anga iruka heroins a Vida.... Rahul anna wife Sema alaga Irukaanga
Tam_512	First time cried bcz of you Rahul bro... Niraya sirichuruken ungalala, keep going. Sema dance bro... I'm also from Tirunelveli.
Tam_513	Sarathkum award kudungge pls avarum nalla nadikar
Tam_514	Intha manushan jeikum pothu namma kooda iruntha oruthan jeicha maari oru feel...ğŸ’«
Tam_515	MG video eppothan varum pa ğŸ˜Š please please please please please .....i am waiting ğŸ˜
Tam_516	Azhar than pa gethu.Rahul panra comedy ku sirikama niparu..Epdiney puryadhu
Tam_517	Black Sheep awards la rmpa expect panen.... Ithula vaangitaru Annan 
Tam_518	I feel that pain bro na yen paati ya nanban dan dialasis panna kutu poven Ana avanga ippo illa
Tam_519	Sarth ukku Mattum Award Kudukkala Why Avar nalla Actor .sangattam pa enakku
Tam_520	Ungaloda engaluku tha na romba santhosam unga award and unga honour ku..love you prankster.
Tam_521	Inum ethana video da pothachi vechirukinga.. Release panuga elathayum 
Tam_522	Tamil industry ku Puthiya entertainment hero kedachaachu...... SuperbğŸ¥° Rahul broooo
Tam_523	Inuim nega neraya awards vaainganuim bro all the best anna
Tam_524	Rahul Anna always rocks everybody full of entertainment all prank is thalaiku thilla pathaya moment tha love uuuuuu lotsssss annaaaa! Keep rockingğŸ˜˜ğŸ˜˜ğŸ˜˜
Tam_525	Iyyaooo indha song ketaley ashwin shivangi dan mind ku varanga  Congrats anna on behalf of all Ashaangians
Tam_526	Prank la vaanguna adi ku ellam oru parisuğŸ˜†ğŸ˜†  GREAT GOING brother!! More to come!!ğŸ‘
Tam_527	Rahul anna u really Seema prankstar and good human being also.god bless u anna and anni
Tam_528	Enn thalaivan award vangitan ğŸ˜ğŸ˜ğŸ˜ğŸ˜ğŸ˜........Oly that background song,when he come to stage , told is past......love you anna
Tam_529	 
Tam_530	Aiya super aiya bug fan ....... Prankster Rahul really to NO WORDS TO SAY BROğŸ¥° congurlation
Tam_531	 Ragul anna patta kastathoda vali, award announce panna udane avar face la therinjuthu. Enna oru  inspiration anna
Tam_532	Nalla illanu solravangala saadhi veriyan Adha andha namam pottava correct ah
Tam_533	SC karanungalukku pudikadha jaathi veriya
Tam_534	Nalla irukku nu sonnalum saathi veri nalla illanu unmaya sonnaalum saathi veri dravidam ithathaan solli koduthu irukku
Tam_535	à®…à®ªà¯à®ªà¯‹ à®‡à®¤à¯ à®œà®¾à®¤à®¿ à®ªà®Ÿà®®à¯à®®à®¾ !
Tam_536	Pona vaaram kooda vote ketu pona rendu dalit pasangala vetti konnutanga.
Tam_537	Pona vaaram kooda vote ketu pona rendu dalit pasangala vetti konnutanga.
Tam_538	Innum jaathi kodumai ellam nadanthu kittu iruku.
Tam_539	@K Bat unaku jaadhi veri irukunra karanathu kaaga ellarum apdiye iruka maatanga. Inga neraya per jaathi ah ethirthu kittu irukanga
Tam_540	à®¯à®¾à®°à¯ à®¤à®¾à®©à¯ à®•à®·à¯à®Ÿà®ªà®Ÿà®² à®à®¤à¯‹ à®…à®µà®™à¯à®• à®¤à®¾à®©à¯ à®•à®·à¯à®Ÿà®ªà¯à®ªà®Ÿà¯à®Ÿà¯ à®ªà®Ÿà®¿à®•à¯à®•à®¿à®± à®®à®¾à®°à®¿ à®ªà¯‡à®šà®¿à®±à®¿à®¯à®Ÿà¯‡ à®à®šà¯à®šà®•à®²
Tam_541	@Matio messi adei loosu, inga ellarukum reservation iruku. Brahmins ku kooda EWS reservation kondu vanthu one year ku mela aaguthu. Ithu kooda theriyama loosu maari pesi kitu irukatha
Tam_542	Nalla irrukunu sonnavan yellam jaathi veri pudichavan thaan..
Tam_543	@K Bat City la utkandhukittu Caste ila nu solradhu ğŸ˜‚, aana marriage ku Caste la dhan paapinga ! Konjam Village side vandhu paarunga oye ! Puriyum
Tam_544	Intha padatha support panravangalum yaarunu therithu
Tam_545	ğŸ˜‚ğŸ˜‚ğŸ˜‚comedy piece uh pa nee,padam good film but not great.
Tam_546	@kishore GAMEING omalah unaiya vaailiyeah vetuvean str pathi pesunah
Tam_547	@Abhi Manyu dai pannada intha padathuku ivlo hype panumbothe theriyuthu periya puluthi maari pesatha
Tam_548	@Karthi Keyan apdi sollathiga bro.. jaadhi paakadhavan dhan Manishan... so namba lam humans.. nd namaku humans ah respect panna therium.. yarukum prove pana vendam...ğŸ˜Œ
Tam_549	Daii mayiru mokka movie da...Ithula ethukkuda sathi Kondu varinga ....Mokka movie
Tam_550	@Viswa bigil agri hello ithu mokka movie nega poi kaasu pottu story aluthi movie adu.. aprm na solura athu mokka movie nu...
Tam_551	@K Bat caste discrimination-num, bus stands illaatha oorgalum innum irukkathaan seithu bro!
Tam_552	@Boobookutty Boobookutty Coimbatore pakkam vanga sathi veri irukka illayanu patunga
Tam_553	Tha jaathi jaathi nu adichirukuravangala seruppala adicha mari oru padam
Tam_554	Saadhi veriyan soltu.....neye namam potavan apdi lam solra....ne ena mairu da pesara paradesi
Tam_555	@Sathish_VJ slow va tha bro pogum ethu ena Hollywood padama tamil movie bro athula oru meaning irukum
Tam_556	@Gotse etha vera engayachum poi slunga bro bhramins kasta padurengala atha nambanuma
Tam_557	Dai naaayeeeee....movie mokka...ithula evenda jathiyye pathi pesunan...lusu payalugalaaa
Tam_558	@Time pass apdinu sollidamudiyathu bro
Tam_559	Ippo irukura generation Ellam jathi Veri illama irukuranganu nenaikuren ğŸ™
Tam_560	Intha padame devar and vanniyar gang pathi thaan ithula engenthu da pulla puchi paapan vanthaan ğŸ˜„
Tam_561	Ella brahminargalum ketavanga ilayo  Athe maathiri ella tamizhargalum apdi illa
Tam_562	@Lol Hehehe à®šà®°à®¿à®Ÿà®¾ à®ªà®¾à®°à¯à®ªà¯à®ªà®¾ à®…à®°à®•à¯à®•à¯‹à®£à®®à¯ à®•à¯Šà®²à¯ˆà®•à¯à®•à¯ à®•à®£à¯à®Ÿà®©à®®à¯ à®¤à¯†à®°à®¿à®µà®¿à®šà¯à®šà®¿à®™à¯à®•à®³à®¾ à®¨à¯€à®™à¯à®• à®‡à®¨à¯à®¤à¯à®•à¯à®•à®³à¯ à®ªà®¾à®¤à¯à®•à®¾à®µà®²à®©à¯ à®†à®šà¯à®šà¯‡
Tam_563	Parapanan koothi ga apadi than bro ..but padam unmailae sumar than....pariyerum perumal avaluku ilaaaa..
Tam_564	Tamizh vazhgaa...mairu vazhgaa...dont impose tamil to us...and we dont want to hear....which language is first or dinoausur speaked tamil...we are living in india..
Tam_565	 ellarum samam nu solrapa neenga matum iyer ah mattam thatreenga en bro, Iyer lam ongaluku friends la ilaya
Tam_566	à®ªà®¾à®°à¯à®ªà¯à®ªà®©à®¿à®¯à®¤à¯à®¤à¯ˆ à®‡à®´à®¿à®µà¯ à®ªà®Ÿà¯à®¤à¯à®¤à¯à®ªà®µà®©à¯ à®¨à®°à®•à®¤à¯à®¤à¯à®•à¯à®•à¯ à®šà¯†à®²à¯à®µà®¾à®©à¯ ğŸ˜¡
Tam_567	@Gotse mudhalla avaru religion pathi pesava illa nee thaan un parpana kulla nari kalagam mooti vida parkure
Tam_568	@ria r avan padam purilanu sonna paravaala dhanushku thevaillatha padam nu solra da da unga aacharam abhacharam ellam pathithu thanda irukkom ğŸ˜¤ğŸ˜¤
Tam_569	@xavier matha mozhi ellam kazlapadam da emmozhi ore mozhi mudhal mozhi da en mozhi pathi pesura en mozhiya unnala onnum pudhunga mudhiyadhu kanna ,poi maniyadi
Tam_570	nee ennatha uumbunaalum un odhaka  machan Vetukili sootha nondunaalum Naa apdithanda solluvaa en mozhi tamil apdi thanda pesuvan vekkama irunthuchina thaiyoli Sethu poda
Tam_571	@xavier Xavier nu Nalla Pera vechikkitu enda ippidi baadu maari pesura ğŸ¤£ğŸ¤£. Unakku soothu eridhuna adha freezer box la fevikwik potu otti vechikko. Jillunu irukkum ğŸ˜‚ğŸ˜‚ğŸ˜‚.
Tam_572	@Nishwin G dei reservation edukaaga konduvarapattathu nu poi padi da atha vittutu ,summa vandhu olaraatha
Tam_573	@the icon appo antha ponnunga avalo kevalamanavargala bro...ğŸ˜‚ğŸ˜‚
Tam_574	@Subash Bca equality na nalla mark score pannra ellarukum cast vachu reservation illama irukanum na indha cast la poranthatu en mistake illaye. Na indha cast la poranthatu kaga na evolo struggles face panni iruken nu ennaku than theriyum
Tam_575	aprem ethuku salugai vangurada government la niyum samama irundhuko salukai lam vangatha ğŸ˜‚ğŸ˜‚ nan onnum iyer illa
Tam_576	Dei ippo yarru jadhi veri pakurathu,enda punda padam pudikalana pudikala nu solla kudatha?avan namam potrukan sollitu avana parapan nu thitra
Tam_577	Avan avan Oscar eh vaanga pothunu soldranunga ,....ivangaluku nallave illaiyam,.....chotta pasanga
Tam_578	Oscar lam vangathu national award vena vangalam dhanush acting ku....?
Tam_579	Antha iyyar mugathula avlo kovam jaathi pathi pasunathula... Ithulaihy tharithu padam evlo strong story ...un kovam engal vetrii
Tam_580	Pesuravan pesittu angayae dhan kedappan aana adha kekravan valarndhu poittae dhan iruppan avanoda talentkuğŸ˜ğŸ˜ğŸ˜
Tam_581	Varathaa nu sollaa ungaluku rights illaa bro
Tam_582	@Arun Raghu Dhanus ah ipdi padam nadika koodadhu nu solla avanukum rights illa bro.
Tam_583	@Post An Email To Me athai dhanush sollatum bcos he paid to watch the movie or comments solla koduthunaa return his ticket fare
Tam_584	@Deenu deenu ne poda panada unkita yaru comment keata...dhanush pathi peasa osi la padam paka varavanalam suggestions solakudathu
Tam_585	Antha iyyar mugathula avlo kovam jaathi pathi pasunathula... Ithulaihy tharithu padam evlo strong story ...un kovam engal vetrii ğŸ˜
Tam_586	It's comedy time ğŸ˜‚ğŸ˜‚ soorarai potru ke kedaikala idhuku kedaikuma da soorarai potru alavuku lam yendha padamum indian cinemas la irukaadhu da
Tam_587	dei asuran dha padam...idhu 1 time watchable
Tam_588	dai asuran padam...soorarai potru vida vera lvl acting da..ğŸ…±ï¸unda mavane
Tam_589	dei b***u soorarai potru records lam vera level dra highest imdb rating,highest watched tamil film in ott indha maadhiri neraya iruku adhukunu asuran onnum mokka nu sollala adhuvum tharamana padam dhan ana soorarai potru alavuku illa
Tam_590	chee pee naa yen da kadharapore ungaloda paithiyatha theliya vaika paathen ana nee thirundha maatenga pola
Tam_591	Kundi eriyuthu di mala mudiyala avanugalukku
Tam_592	Based on a true story aa nalla illanaa , ungala andha mathiri idathula vazha vitta dhaanda puriyumğŸ˜¡
Tam_593	True bro,city la irukravanungaluku idhelam puriyathu!
Tam_594	Don't campare to Asuran please. Karnan Vera Padam adha yen Asuran kooda compare pandreengha?ğŸ™„ğŸ˜‘
Tam_595	Antha iyar oruthan irukkanee...avalam ponnunga dress kazhatti aaduna pudikkum
Tam_596	Dai kalpold à®¤à®©à¯à®·à¯ à®…à®£à¯à®£à®¾ à®®à®¾à®¸à¯ à®Ÿà®¾ ğŸ—¡ğŸ—¡ğŸ—¡âš”ï¸âš”ï¸âš”ï¸
Tam_597	I am danush fan but asuran super movi karan avrge movi but danush annaku.acting ku award confirm
Tam_598	Thanush sister first roadla seyhutanga . Bus nikkama pogum .antha ponnuthan varum . Sethavaga kuda varuvaga bro
Tam_599	Yow kealava unna yarum compell pani pakka sollala .. unaku la drupathi movie dhan pidkum polağŸ˜‚ğŸ˜‚ğŸ˜‚ğŸ˜‚
Tam_600	Dhaush kalyanam pannathe avaa veeduthaane burning smell irukkatha seiyum
Tam_601	Aruvu ilathevenunghe, jaathi veeri pudichenuvenengheluku lam inthe padam pudikathu..ğŸ¤£..KARNAN
Tam_602	Entha padam vera leaval super unakku pudikkala ni sun TV pakkatha laakki
Tam_603	Na Chettiar tha intha padam semma emotions à®à®¨à¯à®¤ à®‡à®Ÿà®¤à¯à®¤à®¿à®²à¯ à®…à®Ÿà®•à¯à®•à¯à®®à¯à®±à¯ˆà®•à®³à¯à®•à¯à®•à¯ à®’à®°à¯à®µà®©à¯ à®‰à®Ÿà¯à®ªà®Ÿà¯à®•à®¿à®±à¯‹à®©à¯‹ à®…à®™à¯à®•à¯ à®•à®°à¯à®£à®©à¯ à®‡à®°à¯à®ªà¯à®ªà®¾à®©à¯ à®šà¯†à®®à¯à®®
Tam_604	Unmai sis...reading habit iladhavangaluku endha padamum puriyadhu
Tam_605	Motta tatha unga vayasuku theatre la teva illata velai tatha poi ethana seriel parunga bye bye ğŸ˜‚
Tam_606	Waatha padam mokka nu solrava vaaiylaÂ 
Tam_607	Panakaara ponna paathu Nadaga kaadhal panni yemaathi avanga mooliyaama panam sambathikiravangala pathi neenga enna nenaikiringa?
Tam_608	Yov padam semmaya irrukaya why this certain people dont have taste of watching good cinema really feel bad for them.From Malaysia i like this movie alot really very painfull
Tam_609	Nala eilanu solura à®¤à®¾à®¤à®¾ niboi natiyae ğŸ¤¬, sun tv la boi seriyal boi baruta vennağŸ¤¬
Tam_610	Otha namam potuvan matum matuna avlotha avan enaku therinji ipo avana kandupudchrupanugağŸ˜…
Tam_611	Iyer mama...nee daa watse bandu
Tam_612	Pooooo da potta karnan is vera 11 da badu ğŸ˜¡
Tam_613	Dei nadika koodathunu nee yaa solra mooditu poda avaru kathaya kettu nadichirupaaru vanthutta kudumi
Tam_614	Mama su*** moodungu mairu maari pesadhinga
Tam_615	Hello manjal colour namam potta sir.... Paathukonga manda bathram..
Tam_616	Movie Mokka nu solluravaga tamil nadu la iruthu waste pa super movie next national award karnnan ippovai solluriga
Tam_617	Vairu eriutha caste paithiyangalaâ˜ºï¸â˜ºï¸????
Tam_618	Vayasana kaalathula unaku enna puriya pothu
Tam_619	Antha neela sokkaukku eppadi irukkanumam padam ...
Tam_620	Sema movie... Kudumi aiyyar romba payanthuttan pu.....nakku.... Mootta
Tam_621	1997la illa bro Na tirunelveli karan bro inga innume indha madhiri caste based nadakuthu bro.. Ivanunga la thirundhave matangağŸ˜ 
Tam_622	ğŸ™„Metaphor na enna daâ€¦ Therila mama ğŸ˜‚
Tam_623	Padathula neraya hidden details irundudhu ,padam nala irundudhu thala ilama oru silai irukumla athu enanu solunga bro yaravathu
Tam_624	Parapana naygal kulai nadangum neram aarambam ğŸ”¥
Tam_625	Padam mokka ğŸ˜° First half semma slow Second half ok
Tam_626	Padatha pathutu enala thunga mudila avlo super acting ... yellarume nala nadichirkanga
Tam_627	Ohhma naara koodhi samma movie cinemaa paathi theriyadha virus payanga ..
Tam_628	Santhosh Narayan yenga da bgm potu irukanğŸ¤¦ğŸ¤¦ fight Kuda oru Nalla bgm illa
Tam_629	Iyer val romba tension ayitapla pola ene ipadi thana da sombi vaya
Tam_630	Ennada review sollurinka ....unmaiyya etutha ippute thanda kataila saptura unkalukku kasta patura vali thereyathuda kot......
Tam_631	@Nikil Rathnam yes brooo trueee bt nmba avangaluku support panna namab la kuda sangi solluvaga
Tam_632	avanuga enna sonna enna ana ippdi kurupitta community a thappa sitharikrathu thapputhan namma sangi na avanuga oopi than
Tam_633	Poi sun tv paka vendiyathana da , ena onion ku vandha, Oru story ah purincha thrla, review sola vantan.
Tam_634	Kandipa avan bjp kaaranadha irupaan..Â 
Tam_635	unnalam yaru padam paka vara sonna vetla tair sathatha saptu thongavendiyathu thana ğŸ¤£
Tam_636	Nalla I'lla nu sollravaganuku... Award Vagunu Piragu PuriyumğŸ‘‘
Tam_637	à®¨à®¾à®®à®®à¯ à®ªà¯‹à®Ÿà¯à®Ÿ à®ªà®¯ à®•à®¤à®±à®²à¯ à®¤à®¾à®©à¯ à®‡à®¨à¯à®¤ à®ªà®Ÿà®®à¯ à®µà¯†à®±à¯à®±à®¿ à®‡à®°à¯à®•à¯à®•à¯....
Tam_638	 ok da Sudalai adhu koodicha naladhu Nee Chinna Sudalai mootharam kudi
Tam_639	MAATU MOOTHARAM KUDICHA NALLATHA ADA KIRUKU PAYALE APPDIYE UN APPANA AATHA PEEYA THINNU
Tam_640	Padam purile nu sonnevangaluku, this film is the utter truth where we live in currently, to realize it might take time
Tam_641	Krishnar villain katuna nammavaluku pudikathu. But apudi thanda katuvom...
Tam_642	mamaku romba urruthiruchu pollaa atha ivalo tension agguraruğŸ¤£ğŸ¤£ğŸ¤£
Tam_643	2:13 aprm Enna dashuku da pakka pora!!! Dhanush ku thevai illadha velaina unaku theatre Enna velai!!! Poi sundal sapdra en soduku
Tam_644	Yow..ğŸ˜’ yaru ya neenga Padam paakavey teriyadha pasangala theater ku enn da poringa...Dhanush anna acting + Mari selva raj vera 11 la irundhu â¤
Tam_645	Ooi iyer ooi yen ipdi katharureenga valikuthu inimale romba valikum irukuda ungalukuğŸ˜¡
Tam_646	Na kuda edha movie ya first day paka ponna vera level ğŸ”¥ğŸ”¥
Tam_647	Nool vai kuduthu matikuchu...ini ethana meme creators kita ole vanga pothu nu therila
Tam_648	Daiiii andha moveya thapa sollra va manishane kedayathu
Tam_649	***tha nalla Illa soldravangala. ..savunga Daw.. Indhamari padam pannamudiyadhu... Daw
Tam_650	Semma padam yethana time pathalum salikathu hats of maari selvaraj innum ithumathi innoru padam kudunga
Tam_651	Mokka padam slow
Tam_652	ivangellukella taste illa oru commercialized movies paakuvaanga pola thu
Tam_653	Mama odirungo poi serial parungo.... Vayiru eriyuthu kudumi nayiku
Tam_654	Daii sotta sambarru .. unaku ethellm puriyaathu da..
Tam_655	most people said its nice. can you change your title and screen? stupid channel
Tam_656	Sotta thalaya poda angutu... Adichida poranga...
Tam_657	Sotta thalaiya ne oru padan eduda vanthutan karuthu solrathuku nalla iruku illa atha vitutu theva illathu pesuran pud'ng"
Tam_658	Ivanunga padam pakka varala ba interview la nalla illanu solrathukke vanthu irupanunga blue shirt pottavan ethukku headphone edutbittu vanthan snumma jokers ğŸ¤­ğŸ¤­
Tam_659	Unmai aana story ...antha kastatha anubavichavagaluke than theriyum ğŸ˜£ğŸ˜” we only know that pain ğŸ¥º
Tam_660	Aairu madaila oru adi vaingka brooğŸ˜ ğŸ˜ ğŸ˜ 
Tam_661	Intha film nalla illllanu sonavanga Iru caste veriyargal, kodiyangulam la avana viturukanum Antha time la apo therium
Tam_662	Aiyer mama ku adila kodayuthu pola ğŸ¤£ğŸ¤£ maami thallitu poi nalla kodaiva ğŸ¤£ğŸ¤£ Aiyer Mama ğŸ¤£ğŸ¤£
Tam_663	Avaall ku pidikathuu.... Kondai remba aadthuthu
Tam_664	Nalla illaina enna ithuku padam paatha paathilaye veliya vara ventiyathuthana
Tam_665	Andha naamaam potta kelavanaa kollanum ungalaaladhaan da innum saadhi veri itundhute iruku
Tam_666	Ayyar mama mental ğŸ™ˆğŸ™‰ğŸ™ŠğŸš‘
Tam_667	Dei, naamam poatta naaiye. Veetla cieling fan iruntha poi thookku maatikittu thongu, po . Nee ellam ennada review kudukkura?
Tam_668	Ponga da pundaigala ula okkara mudhiyala okka punda
Tam_669	2:06 da sunni punda poda kotha
Tam_670	Yes... same think..Enakum yen sikkiram Mudinjidhunu irundhuchi... Vera level screen play
Tam_671	Yow oru rupai sudatha kolluthi picha eadukkura pichakara naye unakku 300 time pathalum puriyathu curd rice
Tam_672	Nalla illa nu sonna antha bhramin en oru lusu ku..i
Tam_673	Poi umbu da sanghi thaiolli, the film absolute ğŸ”¥ just said their lives in good manner.
Tam_674	Namam pottava saadi veriyan.....pu****
Tam_675	padam vera level
Tam_676	Thaaaaa kathariye sethuruva pola ...avan pakathukula kuda ne poga mudiyathu ğŸ˜…ğŸ˜‚ğŸ˜‚ğŸ˜‚ğŸ˜‚
Tam_677	Daa naraya Peru nalla erukunu dhaan solli erukaanga aprm ethuku thumbnail appadi vachinga
Tam_678	Thumbnail olunga podra mairu
Tam_679	Indha movie ku award tharlana avanga mansanay illa bro
Tam_680	Bro karnan movie paaruga...Vera leval bro...Mr.D Acting veriththanam...ğŸ”¥ğŸ”¥ğŸ”¥
Tam_681	@Vigneshwaran M adha vachi Enna SEIYA porom tirama irukkavan varattum ğŸ”¥ ellarukkum Ellam kedaikkanum bro â¤ï¸
Tam_682	Karnan varuvan urimai thaaruvanğŸ”¥ğŸ”¥ğŸ”¥ğŸ”¥
Tam_683	Time iruntha ennoda channal poi parunga pudichuruntha support panunga nanba..
Tam_684	Thambi thanks .unga Karuthu enaku pidichiruku.
Tam_685	Comment section ah paatga ellarum karnan movie paathutingapola ......... Naa matum dhan inu paakala nu neniakrenğŸ™„ğŸ™„ğŸ™„
Tam_686	Oru padam evlo visyam pasuthuna omg excellent to the team....
Tam_687	Inathai thavaraga pesuna vettitu poganum athan enga palakamğŸ”°ğŸ”°ğŸ”°ğŸ’ğŸ’ sivagangai seemai
Tam_688	Bro unga content nalla irundhuchuna nangalae subscribe pannuvom
Tam_689	Ethu ellathukumae Thevar caste mattum tha Karanam.Evalo kevalma valthutu anda parambara sollitu thiriranuka entha thirutu parambarai.
Tam_690	hahhahah loosea ne oscar award alam varadu noobbe
Tam_691	Jaathi pirivinai vendam nu solravanga like hereğŸ¥°ğŸ˜
Tam_692	Yaarellaam video pakurathuku munnadiye comment read panne vandhinge ğŸ˜…ğŸ™‹ thumbs up ğŸ‘ğŸ”¥
Tam_693	Ore solutions ella jaathi veriyangalayum vesham vachum kollanum athu appa amma va irunthalumğŸ˜¡
Tam_694	Endha pu***ku pudikalayo ava la oru ba**u
Tam_695	Unlike potavan ellam intha 2 sambavathai seithavargal tha irukanum..
Tam_696	I am from thirunelveli yenakey ithu theriyathuğŸ˜­ğŸ˜­
Tam_697	ğŸ˜‚ğŸ¤£ my father is vanniyar and my mother is paraiyer.But,what I am putting in my surnameğŸ˜‚ğŸ¤£ğŸ¤£
Tam_698	Bro neenga antha caste intha caste nu sonna athu oru feel ye illa... Antha particular caste a mention panna konjo changes vara vaipiruku
Tam_699	Mostly intercast marriage pananum apotha cast la irukadhu bro
Tam_700	Kadavul yetra thalvoda padikala namma than atha urvagirukoam bro
Tam_701	Ada Ada da Iyer namam peresaa iruku lyer punda
Tam_702	Kadaisi varaikum video edukumbodhu yaarumae sollala, ennoda shirt button ah pathi 
Tam_703	Two Million Subscribers indha video la Touch pananum nenaikuravanga yaaru??
Tam_704	Muttaiku porandha Motta  10.10 . Who noticed that he asked ,Mutta Iruka thirupi start pannalama dead raa
Tam_705	Irfans subscriber be like: soorum potu kasu kudkura enna manasuan yaa nee â¤ï¸. Antha manasuthan sir kadavul ğŸ˜
Tam_706	After BMW car sold video..unga mela irrutha respect poiduchi.. reason vera level
Tam_707	Irfan bro, unga shirt button maathi pottu irrukinga... Idhu fashion ah.. Illa nijamaley theriyama maathi pottingalağŸ˜…
Tam_708	Ena bro food vitutu Mr beast channel maari aalam nu irukingala ...   Me: en support epayumei irukum
Tam_709	Nalarku ma.. Don't keep neraya hope cuz romba hope vecha ella padam um below par a theriyum. Just normal a poi parunga. Karuthu enna solranga nu kelungam avlothanğŸ˜Š
Tam_710	Ippo padam nalla irruka r nalla illaiya pa...enna solla variga
Tam_711	Simple ah solungada sumar nu yen potu ilukureenga
Tam_712	Jadi veri pudichavanga serupala adikum padam..
Tam_713	Poi sun tv parunga da punda pasangala neega edhuku da padam pakka Varinga ğŸ”¥ğŸ”¥ğŸ”¥ğŸ”¥
Tam_714	Nan apdi yethum ila, ana enaku pidichiruku.. En friends ku pudichiruku ğŸ˜ŠğŸ˜„. Inum neraya area la iruku. Indha madhri. Just tell you aren't aware of it.you're sick. Yuck
Tam_715	Para payalkaluku padam pudikum.yenda jaathi vachi polaikuringa.entha area le ippadi iruku
Tam_716	@Sriram Narayanan ena oyii olaru raa poi music podungaa Alexa play panduranga panduranga ğŸ¤£ğŸ¤£
Tam_717	Ena oii poi sathsangam pannungaa paduranga padurunga noolu sotta oru ra agituu
Tam_718	Bro aththa ambi ya kathumela appuingka
Tam_719	Me to that Iyangar punda mooditu poda vantan oomba
Tam_720	British pathi movie edutha british a hate panna thonadha?
Tam_721	Venumne negative thumbnail potrukan... Pundamavan
Tam_722	Saadhiyam correctaa purinjavan indha padam pudikumnu solluvaan.. indha saadhi apdingardhu illa nu mass edhir paakra mentals Ku pudikaadhu.
Tam_723	Enna voindu sonnanna andha kelavana andha police adikkanu Appa avanukku therinjirukkum
Tam_724	Suntv pathirakalam endru sonnavan sethavanukku samam avana andha police adikkanum
Tam_725	Enna voiiiii? Boonulu pottu padam eduththaa, nannaa irukku ooinnu solliyeruppinga? Odukka pattavanukku padam eduththaa eriyuthu? Saavungadaa
Tam_726	Dei su**i inimey neenga periya caste nu thiriya mudiyadhu da ippo generation people ellaraiyum equal ah paakuranga neenga oom** dhan da poreenga
Tam_727	Nalla ilainu easya solidranga atha eduka evlo kasta padranga paratanalanum paravala kevalama pesathinga please
Tam_728	Antha kudumi vecha pundamavan pondati kuda ethuna pannitu irunthurapa padatha pakkama
Tam_729	Sun tv pakka vendiyava theatre ku en vandha nanam potava 3vadhu vati pathutu sollirkanum nalla illanu 2 perume waste ah vandhu padadm nalla illanu soldranga
Tam_730	Jativeripidita.calatupaya.netrinamam.soludu..padam.super.avan.pacha.padatin.vetri
Tam_731	Oru Oore sethuppogurathu Avalukku nadantha Kodumaiya Sollura padam Ungalukku Nalla illayaa Pongada Pundaingalaaaa
Tam_732	Daii yen da Ellarum asuran asuran nu solluringa Kirukku Pundaingala Padathukku Karnan nu name vachirukkangalla Karanana paarungada Padatha
Tam_733	1:10 Sun tv la Un pondatti Aaduva Podi Paaru da Thevidiya payaleee
Tam_734	Ipa nadakura jadhi kalavaram yaaraala nadakkuthu nadaga kathal pantra naayinga screen la imagine panni movie edutha ............periya p....
Tam_735	Sarie ketta. Artha kekatutathunu ne Acha Otha batu ungaluku Intha society la mun ati varakuttathunu nenaikaran nuku Intha padam oru savku atti equality athu tha I tha padam
Tam_736	Viddule okkanthu tea kuduchi sun tv patturuppiaya...poi thukkule thonggudağŸ˜‚
Tam_737	Dadi gara katha puriyalana moodikittu po kilavanum vaya poththu
Tam_738	Itha mari oru inimel evanalayu edukka mudiyathu. Intha moive ya yava mistake soldrano avanla oru...........
Tam_739	Andha konda mundaiku yeriyudhu yennada yellame samamnu soldranunga idhu namma polapula manna alli potradhu maadhiri irukunu
Tam_740	Nee gaandanala adhuve podhum @ namam uncleğŸ¤£ğŸ¤£ğŸ¤£
Tam_741	Pappan Munjilaye Aluga theriudhu Antha Nailam poramaila review kodukkuran
Tam_742	Movie pakka theriyadtha thaioli ellam appadi dhan sollitu pogum andha face less child yen varudthu nu kuda purila ivanga ellam sulthan movie pakka dhan laiku
Tam_743	Dai Evan evanukku Kadha purilanu sollurano Avan lam sinthikka theriyadhavana than iruppan
Tam_744	Asuran mari padam veanum na asuran movie poi thirupi paru. Athu vera padam ithu vera padam . Vera vera director eapadi da orea mari expect panringa ni solita flop agiduma
Tam_745	Karnan uthikuchu.. don't compare to Asuran. Asuran bgm, movie excellent. This movie is flop...
Tam_746	Ungluku ena wooiii intha ulagathula padachathulam ungaluku sikiram kedachuduchu neenga flight la parakum pothu engaluku bus kooda ilayae.. Dhanush vera level.. Inga pidiklanu pesanavan poora asuran ah compare pani pakraanunga
Tam_747	Yow naamam unakalam puriyathuya athu konjam brain irunthathan inthamathiri movie puriumğŸ˜ğŸ˜
Tam_748	Iethula sanki vathan avenlam poi mani attavendi yathuthana. ..potcharipu padam nadantha konduvantha....sanki
Tam_749	Sun tv la serial pakuravan ealam intha movie paka vantha eapadi da . Poi sun tv la serial paru po
Tam_750	Poramai thanga mudiyala sila pottaingaluku
Tam_751	Padam puriyalannu sonna kelatu paya mandaya konjam uthu parunga a dha nai yarunnu theriyym. Mavane na andha spotla matum irundha kelavan vai udanjurukum...
Tam_752	Andha sottai oda pondatti nalla Vella na educha sonnana aprm edhuku padam nalla illlanu sollura
Tam_753	2.13, pudichu iluthutu ponga..Dhanush Fans ketra poranga..Adi vagama thapichittaru
Tam_754	Throbathiya Sun tv la paarthiya da naaya
Tam_755	Antha thayir saadham thoonra naai ku pecha paar
Tam_756	Enna ooii sollureh padam nalla illai yah...himmm yah solle matteh ooi...unnaku nalla uraikutha ooii....nee thiruinthe ooi muthaleh...
Tam_757	Unpulu ku yenna da song yenga pota unku yenna
Tam_758	moive vera level.. nalla illanu solravungala loosu punadinga poramai pidicha pundai
Tam_759	Boys see the movie second time kandipa puriyum
Tam_760	@Xavier fun padikkalana vidu.... Onnum worrynpannatha kutty..... Ithellam sollathapa... Amma appava nenachikko... Dont worry next time ezhuthalam..... Unnoda uyir most valuablenin this world and ur parents.
Tam_761	@Xavier fun padikarathuke nee saava porena inga avan avanuku evlo prachana iruku elam sethuta sariya poidumada china payalae.. Vaalnthu kaatu..
Tam_762	Plz kutty payya happy ahh iru nee..
Tam_763	@Xavier fun padippu illaina saga poranam yara ivan komali
Tam_764	@Xavier fun all pass la poda matanga bro .........nee poi suicide pannu
Tam_765	@Xavier fun ippo thana intha comment aa today trending la parthen..ello eduthalyum podra..
Tam_766	@Xavier fun daiiii.... Nee sethuru..
Tam_767	@Xavier fun sollatha da first sethuru , nan poster otturan
Tam_768	Macha dei naa school thoranthu pogava illa da enna da solluvanga naa nallakiu poren romba bayama irukku ğŸ¤”
Tam_769	@Superstar Vijay odambu sari illanu sollunga
Tam_770	Macha onnu solla mattangala romba bayama irukkathu da
Tam_771	@Xavier fun entha korikayum neraivetra padum
Tam_772	Onna ppaathu evalo naal achu .....vaa thalaiva...ğŸ˜˜ğŸ˜˜
Tam_773	@Xavier fun Xavier koo..thi maganey Ni innum saagaliya
Tam_774	@Xavier fun athan all pass potachi illa apraum inna
Tam_775	@mani kandan illa bro.. adhu 1week munnafi pootadhu
Tam_776	@Silenter Me opan thevdiya ğŸ˜‚ğŸ˜‚mmala eppa saavanum nu enaku theriyum.. sootha muufu
Tam_777	@Xavier fun sikrama saavu unaku nanga ellarum paalu oothanum, kandaraoli paiya xavier
Tam_778	@Silenter Me opan ku vena ne paal ootthu..venuna naanum varan.. en kanja thukki vaipan oppan saavukku.. avsaaru movneğŸ˜‚ğŸ˜‚
Tam_779	Covid la work panra enakutha theriyu mağŸ˜’
Tam_780	@Xavier fun padippu mattum life illa brother.. padippu is part of life.. dont worry. dont punish ur mom and dad.. they will understand u.
Tam_781	Ennama ipadi pandrigale ma
Tam_782	Correct soninga sir evangala mudavaikanhum
Tam_783	Ithu tha covid ku nalla thadupu uchiya Iruka pothu ğŸ’ªğŸ¾
Tam_784	@Janani M ungalukku unga kavalaiğŸ˜‰ğŸ˜
Tam_785	@vetri velayutham Paravala theivamey !! Kojam Nala Pubg Pasangalalo da Jolly yeh irukalam â¤ï¸
Tam_786	@Tamil Tamil adhedhan bro nanum soldran vendamm
Tam_787	@Bala murugan y bro Marupadiyum lock down potta niceaaaaaaaaa
Tam_788	Athukku India full ah logdown poduvangala
Tam_789	Yazh you tube la yean eppadi entru video parunga ğŸ™ nammalvar
Tam_790	Bro na nanachan ninga soillydinga
Tam_791	Cheating fellows election edo emathaporanunga
Tam_792	Itha vechu evlo pera kolla poranganu therila
Tam_793	@Xavier fun hey loosu... 11th la pass aana pothum..
Tam_794	Thalaivaa. Adhu climate naala dhaan fever, cold laa varudhu indha season la ... Corona laa illa
Tam_795	@Charlie Rio ennala dhan ALLPASS pootanga okva.. ğŸ˜‚ğŸ˜‚ğŸ”¥ epdi ennoda trick ku
Tam_796	Kashayam vachi kudi thangachi...sariyaa pogudhu...
Tam_797	Lockdown podunga nu solravanlam Kandippa School& College students aah thaan irupaanğŸ˜‚ğŸ¤£ğŸ˜‚
Tam_798	Eeee Aama NanbağŸ˜‚ Athula Nanum OruthanğŸ•ºğŸ’¯
Tam_799	Enna mathiri kalyanam pannikka pana kashtam irukravanum ithula iruklam
Tam_800	Please close the schools and colleges and make them all pass.
Tam_801	20,000 Enna Enna selavu pannuvinga one month la.... Yarathu sollungale, please
Tam_802	thaniyar teachers life kelvi kuriyakiyavarkalukku than muthalil corona varanum
Tam_803	@Xavier fun deiii ....nee einnum suicide pannalaya...
Tam_804	@BÊŸá´€á´„á´‹ GÊŸá´á´ á´‡ naane allpass poodanumnu pooraduran ne verağŸ˜‚ suicide panni na en saavanumğŸ˜‚
Tam_805	Naam tamizhargal velvum nanba ğŸ’ªğŸ¾ neega kavala padathika
Tam_806	Sethaa saagurom. Appadiye Makkal mela akkarai. Appadi irundhaa Tasmac'a moodungada.
Tam_807	Apdla pana matranunga yenga veetuku oposide la oru veetla drinks viyabaram pandranga ...... police collector nu soli pathachu yarum kekala.....
Tam_808	Athelam pannamataga yena govt varumaname athulathana
Tam_809	Semmaaa bro ....kandupichutinga...ğŸ’¯ğŸ’¯ğŸ’¯ğŸ‘ğŸ‘ğŸ‘ğŸ‘
Tam_810	Thats true.. Aana namma CM PM nd MP lam vaccinate pannikitangala..?
Tam_811	TRUE.. they wanna sell out vaccination worth in trillion. Bill Gates on loss so certain virus drama
Tam_812	@R PRABHAKARAN avan avan job illama pasanglku school fees kuda pay pana mudiyama parents oda medical expenses paka mudiyama kasta padran jolya unaku
Tam_813	@muthu kumaran ğŸ¥ºğŸ¥ºAchoo pavam kolandhaya thitadheengağŸ˜†ğŸ˜†
Tam_814	Election naaala avanga covid case aa low pani taanga. After election see the results.
Tam_815	@à®¤à®®à®¿à®´à¯ à®…à®°à®²à®©à¯ AralÃ n ğŸ˜‚ğŸ˜‚ da paithiyam aputila pana mudiyathu da
Tam_816	@à®¤à®®à®¿à®´à¯ à®…à®°à®²à®©à¯ AralÃ n ğŸ˜‚dei lusu maari pesaatha da
Tam_817	@siva NTKğŸŒ´ Vera maari ğŸ˜‚ğŸ˜‚. Aayo kiruthu kiruthu thaa
Tam_818	Vantha vara sollunga sem aaa online la vaika sollunga ğŸ˜‚ğŸ˜‚ğŸ˜‚
Tam_819	@Mohamed Mujjamil karnan paata remake panitingalağŸ˜‚ğŸ˜‚
Tam_820	@pooja Enna pasuriga yar satha Enna niga safea erukanum Nalla ennam ğŸ˜ ğŸ˜ ğŸ¤¬
Tam_821	Poda matanga.. Olunga half syllabus padinga
Tam_822	Makkal lam pavam pa vala vidamatranga poi mela poi solli
Tam_823	@mersal Ajeshchris y means election varuthu ithukumela full lockdown vaiypu illa
Tam_824	@Tren dies..Appo election mudinja lockdown poduvaggalaaa..ğŸ¤” Enaku May month tha sem examğŸ™„
Tam_825	Happy news ğŸ˜‚ğŸ˜‚lockdown podunga plzzzğŸ˜“ğŸ˜“
Tam_826	Ada uyir ku utharavaatham kuduka sollunga 1st
Tam_827	You're talking like this because nobody died in your family....apdi nadanthavangala kelu...kastam sir when you loose a family member
Tam_828	à®®à®¾à®°à¯à®šà¯ 15 à®®à®±à¯à®ªà®Ÿà®¿à®¯à¯à®®à¯ lockdownğŸ˜ğŸ˜ğŸ˜school college full lockdown kjm tamilnadu pakkam vanthudu poga ğŸ˜‚ğŸ˜‚
Tam_829	College close pannugağŸ˜­ğŸ˜­seikarama lock down podugağŸ˜­ğŸ˜­ğŸ˜­ğŸ˜­ğŸ˜­
Tam_830	Enna pana sagavandiyathu than
Tam_831	Corona: makkal korikkai parisalikkum
Tam_832	Ovvoru vittu ku monthly monthly 15000rs kudutitu Evlo masampotalum ok sir
Tam_833	Epdi veetla irukka mudiyum athan school reopen pannitangaleğŸ˜© ayoo ayooo loosu paiyan
Tam_834	Thadupposi Pottu yellorukkum sangu Vootha Parkurigala. Manushana Vaazha Vidungada
Tam_835	Adiya podu ediyaa podu vediyaa podu.
Tam_836	Poya lusu, yenga chiththappa covid aala tha seththaaru
Tam_837	Epoda leave viduvinga ğŸ˜– kadupa iruku ğŸ˜°close the all scl & colleges
Tam_838	Yedhuku? Engala lockdown la pottu andha pakkam election fraud pannava? Mayiru virus. Setha saagurom. Poda
Tam_839	@Gopalakrishnan M office ah close pannitu soththuku pichaya yedupa .................
Tam_840	Eppa pa corana mudiyum aiyooooğŸ˜­ğŸ˜­ğŸ˜­ğŸ˜­ğŸ˜­ğŸ˜­ğŸ˜­sagadikuranga paaaa....
Tam_841	Eppo ellam lockdowna poda matanga paravana pinadi lockdowna poduvangağŸ˜ˆğŸ˜ˆğŸ˜ˆğŸ˜ˆğŸ˜ˆ
Tam_842	Plzz clg SLC Lockdown podunga ...Apadiye tiktok open panirunga crt ta irukum.. ğŸ˜ğŸ˜
Tam_843	Corona panuratha Vida ninga nala panuringa daağŸ˜‚ğŸ‘
Tam_844	Na college ee pogalappa enna pottu talla mudivu pannitanga
Tam_845	Vaccination poda vaika vera vazhi theriyala ğŸ˜‚ sikiram adha potu tholainga illana ipadi news potu nammala savadipanga.
Tam_846	Unnaya thanda romba naala ethir pathukkittu irukkenğŸ™„
Tam_847	Va thalivaa vaa thalivaa....ğŸ”¥ğŸ”¥ğŸ”¥ Indha varushamum all pass pani vidu thalivaağŸ”¥ğŸ”¥ğŸ”¥
Tam_848	Corona be like: yenakada end card podurenga yenaku endeee kediyaduda
Tam_849	En pondatiku....corana evalo thevalam..so enaku corana pathulam bayam illa
Tam_850	Ellarukum pannam emi kattivittu lockdowm podavum
Tam_851	Ethana vati ya scl pasingala pass podvinga , collage pasingala pass pann vachi vote achi kadikum ,
Tam_852	Petrol and diesel rate news 3 days ahaaa varaveyellaa omalaaaa echaaa media news deviate pandringalaaaa othaa
Tam_853	Corona duty dhan paakuranga enga veetla.....corona injection potrukanga......vera vali illama vela kidaikama indha work paakurangağŸ˜¢ğŸ˜­
Tam_854	Sikkiram pothumudakkam kondu vanga da nalla katra suvasippom nan soldrathu sari thana sir
Tam_855	Muslim galukku ramzan pandigai varudhunnu modi ku muslim mela oru kannu adha lockdown solra avan
Tam_856	Seri seekiram lock down podunga...adhane....vyabarigal...yezhaigal...badikama yedavadu pannunga
Tam_857	poda punda kankuthy sunny homal ok sunny thavadys kathy lokdobavun puns
Tam_858	Yevanaachum lock down poteenga velakamaathaalaiye adipaanga makkal
Tam_859	Enga da Corona iruku ottu poda pokum pothu varatha Corona ottu potta udane virutham Enna da soluringa
Tam_860	Elections cancel pannunga election la varadhadhu after election varuma pracharam pannum bothu varadha
Tam_861	Election ku madum tha corona bayapuduthu sooo election ah thalli poda corona vaaa naamba thadugalam
Tam_862	First other states il irunth varvangla corona decrease agna varaikkum stop pannunga..
Tam_863	Corona oru mudivuku vanthalum, intha news channels oru mudivukku vara vida mattanga pola..
Tam_864	Eanakku earkanavea corona vanthuduchi thirumpaum varuma anna
Tam_865	En da thevdiya pasangala ungaluku vera velai pundaiye ilaya epa paru lockdown pote savadikuringa
Tam_866	Iock down podunga appuram makkalin account la 20000 thousand podunga corana vanthu sagurom lock down la sagamattom
Tam_867	Ve2u vellaiku ready aga vendiyathu thanğŸ˜‚ğŸ˜‚
Tam_868	Ippavye korana vantha yenakku happy than
Tam_869	Nalla commedy seen pa ore fun tha corona commedy.....
Tam_870	Corona .. Wave varudham ! Pongada chipsungala! Tv channel moodita paravadhu .. Ellamey poiya than irukum !
Tam_871	Dai ippa thaanda kashtappattu cricket la konju Mela vantha ippatha pangaloore la oru jance kedajathu ippa Poy lok down ğŸ˜­ğŸ˜­
Tam_872	Ev pasareathea path corana earkath polea romba paserea ram dav Baba mathearea pasera
Tam_873	Corono corono nu inum ethna per life a pali vanga poringa.. Cha ithuku antha corono vae paravaila
Tam_874	gotha poi saavunga da sunnigala
Tam_875	ama aama state government central governmentu solradhe ketklana ipdi dan
Tam_876	Unga polappu odum normal people affected. Poda kena payalukal
Tam_877	Innum ethana varusathuku dha cororna va solli sambathika poranglooğŸ˜‘ğŸ˜‘ğŸ˜‘ğŸ˜‘
Tam_878	Enda thaduppu oosiyum thevaiye illai thaduppu enra peril enda vesham enru yarukku theriyum ean arasangam ippadi yeamathranga
Tam_879	Keralavula erukkura yangalukku oru prachanaum illa ningala yathayathayo solluringaleeğŸ¤£ğŸ¤£ğŸ¤£
Tam_880	Enga corana vaa illai ellam kattu kadhai lock down pottanga paavam makkal enna seivangağŸ˜ğŸ˜ğŸ˜ğŸ˜ğŸ˜ğŸ˜ğŸ˜ğŸ˜ğŸ˜
Tam_881	Thirumba mothala iruntha.yeapadiyo intha lockdown Nala varumai kotuku keel ullavarkal mikavum illayapai santhiparkal
Tam_882	Ennaku already business romba dull achi life la neriya problem podhu so again lock down poda poregala
Tam_883	Modi potta plan ahh neenga news solli vera ennatha vikka udanthayaha irukka pohireergal
Tam_884	Adeii Corona Nee varra varaikum sandhosama dhan da iruku nee vandha aprm dhan da aluga varudhu
Tam_885	Marundhu vaangi vaaila odachu oothikro media pothitu poda news channels
Tam_886	Sivaranjjani thilakhavati super neega mask poda matigla rombaa poisollatiga saparinathan yaru
Tam_887	En saavukku yaarum kaaranam illai naan thookkupottu saaga pogiren
Tam_888	Epdiyaachum March 8 kulla lockdown podunga da pls
Tam_889	Dai muttah punnakku mudinju pona listah eanda pudhusa vantha mathiriyea kamikiringa
Tam_890	Appdina,,,namma Kattium kudukrom kuttium,,,Judy karat ma boss
Tam_891	Evavanum seri illa......... makkala oda nalathula kandukarathu illa intha TN govt. Makkala setha ponam akarathula than mukiyathuvam kamikuthu Central Govt.
Tam_892	Konja nanjam aatam pottomah perasai pattu naata chinna pinna ma aakitanga nerdy people ğŸ¤¦
Tam_893	Bro hi the family man season 2 tamil dupped eppidi download pannurethunu solli podunge bro plz bro
Tam_894	Bro ithu tamizh makaluku ethiranathu don't promote itha promote pannadhinga bro
Tam_895	Bro the last hour series all episodes tamil dubbed panalaya oru sildhu than panangala
Tam_896	Intha Padam nala Samanthaku tamil nadu la pada vaipu ineme irukumo illayo
Tam_897	Bro vampire diaries pathi oru vedio podunga â¤ğŸ˜.. Antha web series ku neraiya fans irunkanga
Tam_898	DMK à®µà¯à®•à¯à®•à¯ vote à®ªà¯‹à®Ÿà¯à®Ÿ à®¤à¯à®°à¯‹à®•à®¿à®•à®³à®¿à®©à¯ à®•à®µà®©à®¤à¯à®¤à®¿à®±à¯à®•à¯ !!!
Tam_899	à®…à®®à¯‡à®šà®¾à®©à¯ à® à®¤à®¯à®µà¯ à®šà¯†à®¯à¯à®¤à¯ à®ªà¯à®±à®•à¯à®•à®£à®¿à®•à¯à®•à®µà¯à®®à¯. ğŸ˜ ğŸ˜ ğŸ˜ ğŸ˜ ğŸ˜ ğŸ˜ ğŸ˜ ğŸ˜ ğŸ˜ ğŸ˜ ğŸ˜ ğŸ˜ ğŸ˜ 
Tam_900	Bro kgf and vattram movie similarities podunga
Tam_901	Bro Iru Dhuruvam web series parunga nalla irugum ratsasam movie mathiri irrugum. intha web series hidden details potunga
Tam_902	ğŸ™ğŸ’¯ğŸ¤®à®®à®¾à®©à®®à¯à®³à¯à®³ à®¤à®®à®¿à®´à®©à¯ à®‡à®¤à¯ˆ à®°à®šà®¿à®•à¯à®•ğŸ’©ğŸ™„ à®®à®¾à®Ÿà¯à®Ÿà®¾à®©à¯... ğŸ¤®ğŸ˜¡ğŸ¤¦â€â™‚ï¸ğŸ˜ˆğŸ˜ ğŸ‘¿
Tam_903	Hindi Web series pakra madri illa tamil web series madri eruku
Tam_904	Ostrich à®¤à¯†à®°à®¿à®¯à¯à®®à®¾.. à®®à¯à®Ÿà¯à®Ÿà¯ˆ à®ªà¯‹à®Ÿà¯à®Ÿ à®•à¯‹à®´à®¿à®•à¯à®•à¯ à®¤à®¾à®©à¯à®Ÿà®¾ à®¤à¯†à®°à®¿à®¯à¯à®®à¯ à®µà®²à®¿ à®©à¯à®©à®¾ à®à®©à¯à®©à¯‡à®©à¯à®©à¯
Tam_905	Dae blue sattai veetuku raid vida porranga da ğŸ¤£ğŸ’¯
Tam_906	blue sattaiï¼švijay padam na 2 loosu heroine erukum, vijay 1000 peraa adichu parakavuduvaaaruuu....
Tam_907	athuvum antha dialogue uh ena purinjirichi unaku laam vilakam solliye onjuruven ğŸ˜‚
Tam_908	Yaaruellaam master paarthutu vanthu paakuringa ,Ivaru nalla padathyum Epdi solraaru nu paarkurathuku ğŸ˜‚ğŸ˜‚ğŸ˜„ğŸ‘‡
Tam_909	Ungaluku enna thiramai irukudhu blue sattai Vaayi illana unnalaam naayi thookittu poirum da ğŸ˜…
Tam_910	Dei ne ella vettukae poga maataiya da ..ğŸ˜‚ yaanda un munji eruma saani maari irukuğŸ˜‚
Tam_911	Tvs compenyla poi senthukka blue satta athuthan unakku corecta irukkum athavuttu ippidi pannitrukkağŸ˜‚ğŸ˜‚ğŸ˜‚ğŸ˜‚
Tam_912	Kachi serum podhu muttirai kutti vitturanum nalla idea ğŸ˜‚ğŸ˜‚ğŸ˜‚
Tam_913	Ohh sir apo neenge oru padam eduthukatungale sir neenge tha periya director aacheğŸ¥±ğŸ‘ŠğŸ˜¡
Tam_914	Iethu mokka review bro. Oru commercial padam yappadi ierukhanumo appaditha ieruku. Master vara level
Tam_915	Hey unga review partha pinpu tha naa padam parkka poven aana Master padam partha piragu than unga review parthen
Tam_916	Padata mulusa pakama rewiew panna vanta itn nelamaiğŸ˜‚
Tam_917	ivanukkellam ethuku 12lakh subscribers. moonjiyum mogaraiyum.
Tam_918	Neenga oru padam direct panni kaattunga sir loosu heroines ah appo heroines ellaraiyum loosu nu solla varrengal
Tam_919	Nee oru story screenplay eluthi oru padam edu. Atha pathi nee review podu.
Tam_920	Ne youtube channel pera villain takiesnu matthi vachika ne solra review pooravum villanakku sathagamada irukku
Tam_921	ğŸ‘‰Kadaysiya padam yepdi irukkunu sollitu onnu nallarukuthunu sollunum,illa nalla illanu sollunum marubadium kamal mathiri puriyamaye pesuriyeğŸ˜
Tam_922	Blue sattai sir inn oru time movie pathuthu vanthu review kudunga ungaluku pada parka theriyala sir
Tam_923	First time padam paaku bothu enakku perusa therila. Apram paaka paaka thaa pudichuthu.
Tam_924	dei patcha satta 1nimisathula sollura review,va ethukuda 6nimisathukku ilutthu adikkira, waste time
Tam_925	Oruvella unak YouTube revenue stop acho theriyalle full haave promotion
Tam_926	Yow vijay ku moochu vaangunathu ku reason vayasu illa. Avaru oru drug addict, fit aa illanu arthamya.
Tam_927	ana onnuya antha rendu loosu heroine ahh mattum nee yenda review layum sollama vida mattraa. hahahaha
Tam_928	thalaiva ninga supera reviwe pandringa but vayidhan konjam over irunthalum onna verukka mudiyala thalaiva
Tam_929	nee nenaikura maathiri la evanum padam edukka mudiyaathuda ğŸ¤¬ğŸ¤¬ğŸ¤¬
Tam_930	Poda da mendal super padam pithikuli marri padam nalaveila nu solra super ah thaan iruku
Tam_931	Dai blue satta ne manusanae illağŸ˜‚oru padam achu urupadiya review kudra kelavağŸ¤¬
Tam_932	Deii nee la review tharalanu yaru alluntha thaiyu sei thu nee entha oru movie kku review panna tha sariya
Tam_933	Dai bluesatta.. andha 'ostrich' kadha unamari aalungaluku sonnadu dhanda..ğŸ˜‚
Tam_934	SILENCED MOVIE COPY ADIKA TRY PANNIRUKAINGAğŸ˜†ğŸ˜†ğŸ˜†ğŸ˜†ğŸ˜‚
Tam_935	Ivar negative ah soluvan nu pathean... First time vijay movie ku positive aah koduthurukaruğŸ˜ğŸ‘Œ
Tam_936	Engaluku velakam unna solla sonnanga (aaye...) Vaaya
Tam_937	adei ennada 8.4k cmt irukku ippothan da theriyuthu blue satta famous nu
Tam_938	Dai Sotta paiyalai ne oru Allu ne movie review pandra ğŸ™ŠğŸ™Špo da blue satta...
Tam_939	Mr puluti now movie moving to blockbuster. Good collection now.... what bullshit now you going to said.
Tam_940	Ivlo pasuringalae neenga vijay intro la running scene maari pannunga pakalam.
Tam_941	à®¤à®²à¯ˆà®µà®¾ à®‰à®©à¯ Review-à®•à®¾à®• à®¤à®¾à®©à¯ à®¨à¯‡à®¤à¯à®¤à¯à®² à®‡à®°à¯à®¨à¯à®¤à¯ Waiting ğŸ’¥
Tam_942	Vijay ya semaya kalaichitunga yenakukuda ippola movie la vijay build up thangalağŸ¤®ğŸ¤®ğŸ¤®
Tam_943	Briyani à®•à®Ÿà¯ˆ, fried rice à®•à®Ÿà¯ˆ - à®•à®Ÿà¯à®šà®¿ğŸ¤£ğŸ˜‚ DMK and BJP à®¤à®¾à®•à¯à®•à®ªà¯à®ªà®Ÿà¯à®Ÿà®¤à¯ğŸ”¥ğŸ¤£
Tam_944	Hello ni yenna lokesh ah full kadhaiyum ingaiye sonna theatre poi enna da paakkuradhu
Tam_945	Appappo Lokesh kanagaraj brilliance theriyuthu, maththa padi Padam konjam mokka thaan... You are correct again Blue SattaiğŸ‘
Tam_946	Odathayakkum box office king ayu irikkiyaru
Tam_947	Sethupathi vachi padam eduthirukalam. Padam sari paakalam. Ennda padam edukiringa? Photoshoot madiri
Tam_948	Nee ithana padathukku review pottiye....ippa un padathukku thadai potan paathiya ....life is boomerang
Tam_949	Ungalukku yeppadi dhan YouTube la review channel accept pannanglo nala padathaiyum kazhuvi kazhuvi utranga..
Tam_950	Unakum cinema ku samanthame illa nee ellam ethuku da review panre. Ellam padathukum review sunni mathiri solitu iruka
Tam_951	Unga pondati enga na padam edukiren title avaludan nana? Semmaya irukkum
Tam_952	Neela oru aalu ita pathi pesa unaku thaguthi illa neela oru aalu punğŸ‘”
Tam_953	Vakapatu vanthathu admk thaan ithu unmai thaan vechurukrathu bjp ithuvum unmaithaan apa ivunguluku nee maama ithu unmaiya
Tam_954	Enoda View la master movie Timiru pudichavan movie story ya Patti thikaring Panna madhurai irrku
Tam_955	After a long long time.. Good positive review.. à®…à®¤à®©à®¾à®²à¯ à®¤à®¾à®©à¯ à®¤à®®à®¿à®´à¯à®¨à®¾à®Ÿà¯à®Ÿà®¿à®²à¯.. à®¤à¯ˆ à®®à®¾à®¤à®¤à¯à®¤à®¿à®²à¯ à®®à®´à¯ˆ..
Tam_956	Yov blue . Nee Ngk padathoda name a ve sariya sollatha allu nee. Nantha gobalan krishnan nu sonna pa ne . Yanagam iruka
Tam_957	Daii padam nalla tha da eruku unaku pidichu maari yaralayum padam apdi ka mutiyathu
Tam_958	ivar soldratha laam paatha ivar periya director ah irupaarunu nenaikura
Tam_959	dei eppo soltren.. na thala fan than.. ennaikunaalum thala thalapathy fans da vangu vangu nu vanguva... ğŸ¤¬
Tam_960	Oinnoda poindaatiya vacijii padam eduthu review painnu da ....
Tam_961	Unakku therincha orea dialogue thirai kadhai la valu illa
Tam_962	Bro Neeta mokka ne picha eduka Kuda laiki illa seriya ne review kudukura alavuku Periya aal illa so elataium mooduitu iruga
Tam_963	Romba adhisyama iruku ,, Padam release VARADHA VIDA EVan review pakuradhuku tha neriya peru waiting polağŸ˜‚ğŸ¤£ğŸ¤£
Tam_964	thalaiva. podu podu kolithu podu... apdiye cycle gap la slipping in lot of messages..
Tam_965	BJP oda kaikoolithan cm edappadi nu sollre aduthathu arasiyalayam vimarsanam super ippadithan thappa vimarsikkanum
Tam_966	Deyh maiyurh nee oru pdm ydeh nanghe review pannrm nee apph parpeh daa.kaileh matirdha da dey
Tam_967	Dai athuku neeye padatha edukalam la da. Evalo vai pesurila. Nee oru padatha panna vendiyathu thaane
Tam_968	Unkalku vaai irukunu romba pesathige aparo vaai kule bombs visiruvange
Tam_969	Dai blue sattai padam pathi solrana atha thavara TVS bike pathi solra
Tam_970	Unnoda pechuku thaan , nee edutha padame sappikittu nikithu.
Tam_971	Neega padam eduggale...athe neega vimarsanam pannuga ...Gotha appo nalla sonna onnode videos la eduthu vaila sorugirve
Tam_972	Dei loosu - delhi lla irukuravungukku ore naala kodai farms epdi kodupanga... sollu?
Tam_973	Dei unkitta Vera satta illayada pot---- dashla tai pottukkoda porambokku
Tam_974	Ni eduththa padame unnaala release panna mudijala aduththavan padaththukku ookka vanthuddaaru
Tam_975	Dai otha badam nalla Ella ya Dai otha nee oru Padam Adu appathanda thariyum LK
Tam_976	appada vivegam ku sonna maari illeğŸ˜‚ ..vivegam tops the list alwaysğŸ˜‚ğŸ¤£
Tam_977	Vilambaram panna variya illa review panna variya nee oru broker mama velai pakra
Tam_978	Heroku fan padathulaium irukura mathiri edukiraanga yen?? Rajinikum ipdithaan edukuraanga, kathaiku aatha mathiri herova nadika vaccha crcta irukum
Tam_979	Vijay'a vayasukku etha maari kamchirkanga.. Vera level ya neenga
Tam_980	Ivanuku ellam add kudukuravan nasama poiduvanga
Tam_981	Ivan padatha seriyaa paakama inga vandhu olarittu irukkan
Tam_982	Vijay sethupathi appa ammava ye konnanga yaarukathu therinja comments pannunga
Tam_983	Unnoda vayasuku inthapadamellam paakkatha da nee pooi rathakanneeir paathukittu keda da
Tam_984	Ivlo pesuringana ninga oru padam ealarukum eaduthu karunga ealarukum puryara mathiry kadupaira pore poiringa eathavathu thapaira pothu
Tam_985	Nee master padathuku review panryo iliyo ad ku nalla review panra..... ğŸ˜„ğŸ˜„
Tam_986	Yeppaaaaaa!! Master padam eh pakavenam, review un ra perla full story ah sollitan
Tam_987	yo intha padathayum kora solluriyeya nee la enna manishan ya
Tam_988	Nee overa pesadha padam nalladhaan irundhichi
Tam_989	à®‡à®¨à¯à®¤ video à®µ Parthu à®¯à®¾à®°à¯ unsubcribe pannringa, pannaa poringa
Tam_990	Poda loosu payale. Moonjuliye kunthiduven. Vera level padam
Tam_991	Dei ivane oru padam edukka solluda, papom ena panra nuğŸ˜‚
Tam_992	Nee amaithiya irru superaa than irruku unaku paaka theriya
Tam_993	Sir first unga movie varatum niga enna pandrikanu pagalam
Tam_994	Pepu...... Onna oru aalavey mathikurathu illa nee yen thonda thanni vaththa vaththa yen review solra.....ğŸ¤£ğŸ˜‚
Tam_995	Ok sir nenga poitu lokesh kangaraj kitta poi sollunga avuru ungala vachi nalla Padama eduparu
Tam_996	Ella movie yum kurai solrare apdi ivaru ethana movie panirukaruğŸ¤”ğŸ¤”ğŸ¤”ğŸ¤”ğŸ¤”notta solrathu easy pağŸ˜ğŸ˜ğŸ˜ğŸ˜
Tam_997	Chai spoiler vaya mooduya full kathayum sillitaru karumam kirukan
Tam_998	Unakku thinga soru irukko illayo aduthavangala kora sollu said blue sattai naai
Tam_999	Dai seripu oli advingi mala vandavan thana maubidi adi vanga pora po poi un para kolanda paru
Tam_1000	Gomala bule shirt ta nee padam eduthu paaruda ohoh nu oodum
Tam_1001	Mr. Maran neenga mindvoice nu nenachu sound ah pesiteenga...ğŸ¤£ğŸ¤£ğŸ¤£
